node,x,y
n1,138.22,1549.64
n2,274.23,1504.56
n3,271.28,1480.96
n4,186.62,1326.65
n5,158.93,1233.34
n6,261.33,1361.98
n7,369.97,1543.26
n8,162.65,1181.32
n9,256.54,1318.85
n10,361.45,1475.42
n11,167.14,1118.61
n12,271.09,1281.28
n13,170.68,1059.78
n14,302.24,1279.26
n15,344.84,1347.41
n16,336.37,1277.06
n17,177.12,987.98
n18,331.16,1227.21
n19,439.91,1391.07
n20,325.78,1173.23
n21,181.22,914.67
n22,525.83,1490.19
n23,314.66,1113.15
n24,393.3,1207.5
n25,195.95,860.16
n26,309.66,1037.48
n27,378.84,1136.18
n28,305.94,1008.07
n29,482.97,1314.28
n30,575.55,1471.84
n31,361.51,1100.77
n32,478.09,1296.3
n33,300.29,964.57
n34,423.91,1120.35
n35,292.4,892.5
n36,525.89,1281.28
n37,405.03,1063.3
n38,288.82,853.94
n39,389.45,1016.1
n40,370.29,938.65
n41,566.53,1268.51
n42,403.76,973.45
n43,432.65,1003.48
n44,526.16,1162.06
n45,460.34,1032.96
n46,574.86,1216.08
n47,570.9,1208.08
n48,617.95,1261.56
n49,519.13,1067.77
n50,727.0,1399.94
n51,445.94,892.44
n52,512.28,995.79
n53,444.76,848.99
n54,621.8,1124.08
n55,777.67,1368.09
n56,566.99,994.58
n57,609.29,1055.0
n58,526.2,889.83
n59,768.71,1259.78
n60,716.93,1123.7
n61,725.87,1121.15
n62,724.95,1097.08
n63,761.12,1142.36
n64,722.95,1058.3
n65,760.67,1111.34
n66,722.29,1043.96
n67,719.53,990.91
n68,906.24,1259.09
n69,674.2,852.92
n70,716.36,917.96
n71,745.58,918.67
n72,855.04,1060.67
n73,856.14,1039.65
n74,857.37,1016.18
n75,975.58,1204.22
n76,861.89,948.46
n77,954.16,1031.85
n78,866.29,878.52
n79,946.9,1007.57
n80,869.08,831.04
n81,943.91,956.0
n82,1063.35,1140.98
n83,1042.5,1036.71
n84,954.19,855.32
n85,1142.52,1079.08
n86,1161.0,1063.44
n87,1129.13,992.21
n88,1126.66,943.79
n89,1097.78,876.0
n90,1190.11,1028.08
n91,1140.09,898.21
n92,1163.25,905.36
n93,1292.79,806.64
n94,280.55,763.35
n95,226.16,644.61
n96,215.29,564.74
n97,331.42,760.19
n98,281.88,640.91
n99,208.68,502.81
n100,329.93,642.47
n101,290.47,557.11
n102,275.55,502.64
n103,313.2,556.67
n104,171.01,279.19
n105,332.64,554.96
n106,274.45,441.94
n107,314.25,505.08
n108,163.99,239.76
n109,314.52,498.03
n110,415.72,658.53
n111,458.67,732.35
n112,417.4,638.33
n113,384.78,555.06
n114,240.32,280.96
n115,465.63,663.63
n116,256.48,288.69
n117,538.76,776.66
n118,182.34,147.27
n119,246.15,255.65
n120,424.38,555.28
n121,194.1,136.42
n122,441.66,560.52
n123,375.73,407.03
n124,474.04,570.36
n125,323.81,290.36
n126,203.17,77.03
n127,270.57,166.58
n128,515.67,589.07
n129,659.8,795.05
n130,557.63,609.69
n131,283.28,126.16
n132,424.4,329.23
n133,623.81,629.64
n134,382.8,206.77
n135,362.92,164.59
n136,513.76,388.27
n137,430.85,241.21
n138,601.12,532.38
n139,373.51,131.03
n140,768.02,804.56
n141,686.52,649.74
n142,491.67,283.43
n143,635.34,483.62
n144,827.24,810.58
n145,698.87,585.63
n146,699.42,580.32
n147,556.44,328.41
n148,588.0,351.62
n149,704.16,533.84
n150,779.88,662.72
n151,617.83,373.57
n152,520.55,183.11
n153,803.43,664.31
n154,652.08,399.06
n155,877.85,782.22
n156,682.2,421.82
n157,713.2,445.23
n158,571.03,196.53
n159,912.7,758.45
n160,756.81,470.46
n161,843.12,600.12
n162,934.43,751.2
n163,869.24,622.9
n164,800.83,492.62
n165,719.47,340.87
n166,858.56,521.58
n167,920.7,627.75
n168,872.72,528.28
n169,993.5,734.78
n170,942.22,629.54
n171,893.49,538.09
n172,733.72,232.53
n173,928.9,554.77
n174,953.71,566.54
n175,783.83,249.68
n176,1067.85,732.35
n177,796.45,254.0
n178,1003.16,589.53
n179,835.46,264.94
n180,1034.08,604.93
n181,1056.46,630.41
n182,1077.3,658.25
n183,866.5,274.35
n184,1130.99,718.1
n185,898.57,277.14
n186,1090.25,587.4
n187,1011.43,450.85
n188,936.66,285.66
n189,956.08,289.28
n190,1072.1,487.17
n191,1204.59,707.94
n192,1137.55,583.51
n193,1088.53,487.69
n194,1107.83,487.78
n195,1025.24,301.64
n196,1192.63,581.02
n197,1113.87,317.46
n198,1395.96,701.0
n199,1185.25,330.18
n200,1399.8,571.76
n201,1506.54,582.04
n202,1508.93,554.08
n203,1563.84,639.4
n204,1407.95,353.67
n205,1612.65,644.21
n206,1636.63,668.44
n207,1558.76,511.02
n208,1629.01,592.81
n209,1632.35,565.57
n210,1636.29,517.86
n211,1672.42,568.34
n212,1638.94,452.0
n213,1699.15,522.98
n214,1509.62,368.87
n215,1638.34,378.76
n216,1701.69,458.21
n217,1704.52,382.32
n218,1562.62,897.08
n219,1558.86,845.7
n220,1646.61,914.36
n221,1641.78,845.18
n222,1641.48,840.68
n223,1690.26,842.71
n224,1691.99,782.26
n225,1757.1,733.69
n226,1712.94,623.74
n227,1732.87,611.57
n228,1904.17,894.73
n229,1757.58,636.18
n230,1943.76,949.61
n231,1746.95,576.21
n232,1901.18,834.14
n233,1754.99,555.7
n234,1774.41,580.5
n235,1898.19,772.99
n236,1765.63,499.29
n237,1793.43,546.2
n238,1925.46,770.1
n239,1895.25,717.74
n240,2004.39,894.55
n241,1893.1,683.37
n242,1768.52,456.83
n243,1797.82,479.88
n244,1889.11,627.98
n245,2046.96,894.6
n246,1771.99,413.95
n247,1805.93,436.45
n248,2101.21,945.9
n249,2103.47,894.66
n250,2103.63,889.65
n251,1952.82,622.69
n252,1998.45,693.21
n253,1847.97,400.33
n254,1848.77,391.16
n255,1982.68,617.48
n256,1906.63,447.86
n257,2162.96,890.35
n258,2055.01,692.25
n259,2055.32,682.07
n260,1930.12,446.34
n261,1925.52,395.4
n262,2118.18,680.81
n263,2168.95,737.97
n264,2080.64,583.4
n265,2277.74,891.8
n266,2101.07,568.83
n267,2167.05,677.06
n268,2141.65,606.4
n269,2200.09,674.83
n270,2093.38,482.16
n271,2393.77,985.03
n272,2076.24,402.96
n273,2198.62,603.33
n274,2409.17,938.26
n275,2334.02,792.33
n276,2160.98,478.77
n277,2197.04,535.91
n278,2196.79,519.11
n279,2196.9,506.88
n280,2371.48,789.98
n281,2426.89,885.77
n282,2429.12,832.94
n283,2367.0,724.4
n284,2347.17,665.86
n285,2201.82,403.37
n286,2425.74,786.58
n287,2538.56,967.69
n288,2266.76,478.46
n289,2408.92,721.88
n290,2342.02,593.81
n291,2541.76,937.82
n292,2544.48,918.13
n293,2405.76,668.93
n294,2412.43,668.54
n295,2547.28,884.0
n296,2576.89,923.8
n297,2363.37,519.2
n298,2682.87,1050.98
n299,2487.38,664.19
n300,2719.49,1060.34
n301,2411.41,522.16
n302,2411.1,516.74
n303,2737.79,1065.03
n304,2673.29,940.08
n305,2483.71,601.56
n306,2480.63,546.14
n307,2687.99,900.08
n308,2479.41,518.68
n309,2478.53,499.12
n310,2476.94,457.71
n311,2693.1,823.77
n312,2476.35,445.43
n313,2483.8,395.24
n314,2750.64,847.75
n315,2557.96,493.87
n316,2754.25,825.67
n317,2555.67,439.01
n318,2615.75,537.65
n319,2811.17,856.43
n320,2762.66,771.21
n321,2560.37,398.41
n322,2764.13,701.69
n323,2768.23,647.61
n324,2773.28,581.82
n325,2772.13,534.16
n326,2763.89,495.26
n327,2747.2,434.88
n328,2769.11,427.91
n329,2835.43,500.67
n330,2777.81,365.56
n331,2820.89,411.44
n332,603.95,462.8
n333,569.87,439.74
n334,536.59,415.93
n335,1397.95,907.67
n336,449.24,770.4
n337,1543.29,586.07
n338,1521.88,776.43
n339,1600.13,705.2
n340,1314.42,947.21
n341,1391.36,762.78
n342,1417.76,851.74
n343,548.48,1153.26
n344,353.14,1409.75
n345,424.85,1329.87
n346,447.73,1192.11
n347,135.02,1617.66
n348,179.23,1607.01
n349,227.11,1590.82
n350,275.12,1576.83
n351,318.71,1563.11
n352,317.84,1489.99
n353,263.42,1433.65
n354,308.0,1421.64
n355,217.79,1235.65
n356,265.51,1239.01
n357,305.24,1353.42
n358,421.93,1525.57
n359,473.87,1507.88
n360,217.03,1178.62
n361,271.4,1175.93
n362,413.65,1457.94
n363,452.68,1442.27
n364,216.32,1116.79
n365,265.49,1114.97
n366,217.01,1052.35
n367,263.33,1044.91
n368,384.84,1338.64
n369,218.18,980.17
n370,259.23,972.37
n371,396.53,1400.41
n372,377.56,1167.44
n373,236.81,903.59
n374,515.11,1446.21
n375,504.4,1402.24
n376,493.68,1358.26
n377,312.17,1075.32
n378,403.81,1248.29
n379,414.34,1289.08
n380,354.86,990.76
n381,563.14,1424.2
n382,550.73,1376.56
n383,538.31,1328.92
n384,462.92,1244.21
n385,435.83,1156.23
n386,329.56,896.3
n387,504.22,1119.03
n388,482.27,1075.99
n389,486.95,1177.09
n390,571.47,1176.46
n391,626.09,1151.64
n392,672.85,1137.73
n393,621.49,1207.6
n394,672.07,1207.11
n395,722.66,1206.63
n396,773.24,1206.15
n397,823.82,1205.67
n398,874.41,1205.19
n399,924.99,1204.71
n400,668.21,1260.96
n401,718.46,1260.38
n402,630.46,1304.15
n403,659.77,1341.02
n404,689.25,1388.1
n405,564.22,1061.39
n406,486.07,891.14
n407,519.24,942.81
n408,673.38,1110.58
n409,773.19,1313.93
n410,820.52,1331.76
n411,863.39,1295.43
n412,617.83,993.35
n413,668.68,992.14
n414,665.79,1049.48
n415,532.49,833.25
n416,814.56,1259.54
n417,860.4,1259.32
n418,768.31,1084.95
n419,811.68,1072.8
n420,811.49,1142.14
n421,861.86,1141.9
n422,912.24,1141.67
n423,962.6,1141.45
n424,1012.97,1141.21
n425,767.35,1052.08
n426,811.74,1045.87
n427,807.97,1102.08
n428,854.26,1089.09
n429,904.62,1077.18
n430,951.61,1083.25
n431,998.83,1085.74
n432,1047.15,1084.17
n433,1094.8,1083.12
n434,940.91,1231.66
n435,670.66,915.81
n436,904.61,1046.25
n437,902.13,1011.87
n438,1019.47,1172.6
n439,902.9,952.23
n440,997.91,1021.94
n441,1041.64,1012.03
n442,1095.65,988.29
n443,913.87,891.0
n444,956.94,898.18
n445,911.64,843.18
n446,996.98,943.75
n447,1042.54,933.45
n448,1091.19,922.54
n449,1102.94,1110.03
n450,1091.7,1033.83
n451,1140.9,1030.96
n452,1001.38,871.34
n453,1049.92,869.1
n454,1161.85,955.1
n455,1194.59,917.99
n456,1227.32,880.87
n457,1260.06,843.76
n458,1066.26,847.65
n459,1026.06,821.64
n460,1005.02,789.15
n461,1231.54,1001.12
n462,1272.98,974.17
n463,1252.34,784.51
n464,1211.89,762.37
n465,1171.44,740.24
n466,1334.44,821.68
n467,1376.1,836.7
n468,281.22,702.13
n469,223.12,777.03
n470,224.62,728.08
n471,218.8,690.24
n472,220.72,604.68
n473,252.89,560.92
n474,330.68,701.33
n475,396.98,751.05
n476,406.25,705.63
n477,286.18,599.01
n478,201.14,458.08
n479,193.61,413.36
n480,186.07,368.64
n481,178.54,323.91
n482,373.67,640.4
n483,331.29,598.72
n484,261.18,404.8
n485,256.04,356.27
n486,173.17,193.52
n487,205.07,247.71
n488,316.84,446.11
n489,319.16,394.2
n490,321.48,342.28
n491,420.9,596.8
n492,381.77,505.71
n493,378.74,456.38
n494,469.84,617.0
n495,490.66,626.35
n496,545.05,721.01
n497,551.34,665.34
n498,599.28,785.86
n499,258.37,211.12
n500,439.17,506.92
n501,462.11,467.35
n502,487.75,428.51
n503,232.34,151.5
n504,473.3,512.33
n505,504.95,464.12
n506,417.64,392.3
n507,377.5,356.97
n508,379.27,306.9
n509,381.04,256.83
n510,505.99,526.82
n511,537.93,483.28
n512,326.11,243.7
n513,333.63,191.29
n514,245.75,90.53
n515,288.34,104.03
n516,330.92,117.53
n517,545.09,546.98
n518,574.52,504.9
n519,713.91,799.8
n520,668.7,746.62
n521,677.62,698.18
n522,579.38,571.04
n523,427.62,285.22
n524,469.08,358.75
n525,650.0,559.01
n526,422.52,148.38
n527,471.54,165.75
n528,771.97,757.28
n529,775.93,710.0
n530,506.12,233.27
n531,524.06,305.92
n532,669.76,508.72
n533,658.77,452.72
n534,831.22,757.96
n535,831.65,704.97
n536,829.95,654.44
n537,739.65,621.52
n538,562.29,383.77
n539,708.69,489.54
n540,593.86,406.66
n541,628.02,430.93
n542,874.98,729.11
n543,872.11,676.01
n544,716.34,393.05
n545,569.39,234.87
n546,590.31,265.14
n547,587.32,311.51
n548,641.12,327.38
n549,625.26,208.53
n550,679.49,220.52
n551,915.36,714.88
n552,918.04,671.32
n553,766.72,416.35
n554,776.63,362.23
n555,786.54,308.12
n556,857.92,564.2
n557,938.32,690.38
n558,807.76,447.08
n559,814.69,401.55
n560,821.61,356.01
n561,828.53,310.47
n562,726.6,286.7
n563,866.55,472.69
n564,874.56,423.8
n565,882.56,374.91
n566,890.57,326.03
n567,996.72,686.36
n568,999.93,637.95
n569,902.12,487.6
n570,910.75,437.12
n571,919.39,386.63
n572,928.03,336.15
n573,934.34,501.67
n574,939.77,448.58
n575,945.21,395.48
n576,950.64,342.39
n577,1054.81,679.14
n578,1099.42,725.23
n579,1104.15,688.18
n580,1089.4,537.54
n581,1016.04,401.12
n582,1020.63,351.38
n583,1250.78,703.35
n584,1302.89,698.44
n585,1348.76,700.57
n586,1200.6,665.63
n587,1196.61,623.33
n588,1137.02,532.09
n589,1109.85,431.01
n590,1111.86,374.23
n591,1069.56,309.55
n592,1191.15,530.85
n593,1189.67,480.69
n594,1188.2,430.51
n595,1186.72,380.35
n596,1244.42,578.71
n597,1296.22,576.4
n598,1348.01,574.08
n599,1446.77,705.8
n600,1491.26,699.57
n601,1534.31,677.0
n602,1397.24,657.92
n603,1398.52,614.85
n604,1229.78,334.88
n605,1274.33,339.58
n606,1318.87,344.28
n607,1363.41,348.97
n608,1221.67,351.59
n609,1240.85,404.62
n610,1258.66,457.29
n611,1282.94,499.35
n612,1329.98,513.41
n613,1369.15,537.26
n614,1453.18,576.91
n615,1400.09,519.86
n616,1398.72,459.98
n617,1398.51,412.03
n618,1535.19,610.72
n619,1509.11,507.78
n620,1509.28,461.48
n621,1509.45,415.17
n622,1458.79,361.27
n623,1674.79,646.09
n624,1597.52,514.45
n625,1586.15,589.44
n626,1706.96,571.61
n627,1604.61,905.72
n628,1507.73,900.61
n629,1452.84,904.14
n630,1600.17,843.19
n631,1540.37,811.06
n632,1696.13,920.24
n633,1745.66,926.11
n634,1795.19,931.98
n635,1844.71,937.86
n636,1894.24,943.73
n637,1639.5,801.7
n638,1633.64,755.86
n639,1653.87,715.57
n640,1701.44,686.96
n641,1752.66,674.56
n642,1742.99,840.56
n643,1795.73,838.42
n644,1848.45,836.28
n645,1693.12,888.63
n646,1742.2,892.35
n647,1796.56,895.3
n648,1848.07,895.32
n649,1743.54,779.95
n650,1795.1,777.63
n651,1846.64,775.31
n652,1694.43,740.22
n653,1803.15,728.38
n654,1849.2,723.06
n655,1755.94,692.12
n656,1798.11,691.81
n657,1849.13,690.97
n658,1954.28,894.64
n659,1996.25,948.37
n660,2048.73,947.13
n661,2008.51,838.17
n662,2010.38,787.87
n663,2011.09,725.66
n664,2048.98,844.01
n665,2050.98,793.42
n666,2053.0,742.84
n667,1796.76,388.13
n668,2149.97,952.42
n669,2200.94,951.41
n670,2247.08,957.97
n671,2293.71,965.39
n672,2343.68,976.6
n673,1947.14,578.6
n674,1941.47,534.52
n675,1935.8,490.43
n676,1990.57,655.35
n677,2031.66,600.44
n678,2220.36,891.08
n679,2164.96,839.55
n680,2166.95,788.76
n681,1975.76,397.91
n682,2026.0,400.45
n683,2101.51,626.53
n684,2218.47,734.57
n685,2267.98,731.19
n686,2317.5,727.79
n687,2097.23,525.5
n688,2148.93,543.97
n689,2249.12,671.84
n690,2298.14,668.85
n691,2084.82,442.56
n692,2441.95,996.02
n693,2490.13,1007.01
n694,2538.32,1018.0
n695,2586.51,1028.99
n696,2634.69,1039.98
n697,2118.1,403.1
n698,2159.96,403.23
n699,2246.41,600.15
n700,2294.22,596.98
n701,2452.31,948.07
n702,2495.43,957.88
n703,2242.12,535.04
n704,2288.94,530.9
n705,2335.04,529.47
n706,2231.84,492.67
n707,2199.37,455.13
n708,2487.09,884.88
n709,2481.92,831.1
n710,2534.72,829.27
n711,2587.5,827.44
n712,2640.3,825.61
n713,2248.82,402.02
n714,2295.81,400.66
n715,2342.81,399.31
n716,2389.8,397.95
n717,2436.8,396.6
n718,2473.87,784.38
n719,2522.0,782.19
n720,2570.13,779.99
n721,2618.27,777.79
n722,2666.4,775.59
n723,2714.53,773.4
n724,2588.98,979.19
n725,2646.7,993.94
n726,2459.66,718.99
n727,2510.41,716.11
n728,2561.15,713.22
n729,2611.89,710.35
n730,2662.64,707.46
n731,2713.39,704.58
n732,2449.91,666.37
n733,2409.48,622.7
n734,2405.53,564.31
n735,2594.19,889.35
n736,2641.08,894.72
n737,2625.09,931.94
n738,2706.11,999.69
n739,2727.17,950.91
n740,2740.36,904.38
n741,2534.19,661.42
n742,2581.0,658.66
n743,2627.82,655.9
n744,2674.62,653.14
n745,2721.42,650.38
n746,2753.41,1018.17
n747,2771.3,975.8
n748,2789.58,940.06
n749,2802.18,898.45
n750,2412.37,471.08
n751,2531.97,598.27
n752,2580.23,594.98
n753,2628.5,591.7
n754,2676.76,588.4
n755,2725.02,585.11
n756,2525.67,543.31
n757,2570.71,540.48
n758,2690.54,861.93
n759,2518.25,496.5
n760,2516.01,442.21
n761,2522.09,396.82
n762,2612.76,495.03
n763,2670.96,532.39
n764,2708.51,543.91
n765,2814.63,805.61
n766,2818.1,754.79
n767,2821.57,703.97
n768,2825.03,653.13
n769,2828.5,602.31
n770,2831.97,551.49
n771,2614.73,390.2
n772,2669.1,381.98
n773,2723.45,373.77
n774,2828.16,456.05
n775,2808.79,364.69
n776,1356.19,927.44
n777,1561.01,740.81
n778,1487.17,801.53
n779,1452.46,826.63
n780,1487.84,761.07
n781,1440.88,763.0
n782,1404.56,807.26
