pipe,start,end,length_m,diameter_m,x,y
p1,n62,n61,26.9292,0.2,725.4100000000001,1109.115
p2,n66,n64,14.3481,0.15,722.62,1051.13
p3,n86,n90,50.1267,0.2,1175.5549999999998,1045.76
p4,n71,n70,29.2259,0.1,730.97,918.315
p5,n3,n2,23.7879,0.1,272.755,1492.76
p6,n12,n14,31.2114,0.1,286.66499999999996,1280.27
p7,n6,n9,43.3995,0.1,258.935,1340.415
p8,n22,n30,53.0045,0.1,550.69,1481.0149999999999
p9,n67,n66,53.1261,0.15,720.91,1017.435
p10,n46,n48,62.6501,0.1,596.405,1238.82
p11,n7,n10,68.3713,0.1,365.71000000000004,1509.3400000000001
p12,n9,n4,70.3494,0.1,221.58,1322.75
p13,n31,n27,49.4422,0.1,370.17499999999995,1118.475
p14,n14,n16,34.2032,0.1,319.305,1278.1599999999999
p15,n15,n16,72.2253,0.1,340.605,1312.2350000000001
p16,n16,n18,50.1237,0.1,333.765,1252.135
p17,n18,n20,54.2489,0.1,328.47,1200.22
p18,n18,n24,65.191,0.1,362.23,1217.355
p19,n21,n25,56.4633,0.1,188.58499999999998,887.415
p20,n26,n28,29.6436,0.1,307.8,1022.7750000000001
p21,n27,n34,47.7731,0.1,401.375,1128.2649999999999
p22,n28,n33,43.8692,0.1,303.115,986.32
p23,n29,n32,18.6286,0.1,480.53,1305.29
p24,n32,n36,50.1077,0.1,501.99,1288.79
p25,n33,n35,72.5123,0.1,296.345,928.5350000000001
p26,n34,n37,60.0953,0.1,414.47,1091.8249999999998
p27,n35,n38,38.7224,0.1,290.61,873.22
p28,n36,n41,42.5986,0.1,546.21,1274.895
p29,n37,n45,63.0851,0.1,432.68499999999995,1048.13
p30,n37,n39,49.6992,0.1,397.24,1039.7
p31,n40,n42,48.2914,0.1,387.025,956.05
p32,n42,n43,41.6678,0.1,418.205,988.465
p33,n43,n45,40.4763,0.1,446.495,1018.22
p34,n50,n55,59.8532,0.1,752.335,1384.0149999999999
p35,n51,n53,43.4704,0.1,445.35,870.715
p36,n52,n56,54.7204,0.15,539.635,995.185
p37,n54,n57,70.2049,0.1,615.545,1089.54
p38,n60,n61,9.2891,0.1,721.4,1122.4250000000002
p39,n61,n65,36.1551,0.2,743.27,1116.245
p40,n62,n64,38.8374,0.15,723.95,1077.69
p41,n63,n65,31.0239,0.1,760.895,1126.85
p42,n72,n73,21.0441,0.1,855.5899999999999,1050.16
p43,n73,n74,23.5016,0.1,856.755,1027.915
p44,n74,n76,67.8761,0.1,859.63,982.3199999999999
p45,n76,n78,70.0781,0.1,864.0899999999999,913.49
p46,n77,n79,25.3446,0.1,950.53,1019.71
p47,n78,n80,47.5553,0.1,867.685,854.78
p48,n79,n81,53.1109,0.1,945.405,981.7850000000001
p49,n85,n86,24.2068,0.2,1151.76,1071.26
p50,n89,n91,50.8867,0.1,1118.935,887.105
p51,n91,n92,24.2356,0.1,1151.67,901.7850000000001
p52,n91,n88,47.5179,0.1,1133.375,921.0
p53,n238,n235,27.4204,0.1,1911.825,771.5450000000001
p54,n278,n279,12.2248,0.1,2196.8450000000003,512.995
p55,n267,n269,33.1081,0.1,2183.57,675.9449999999999
p56,n310,n312,12.2948,0.1,2476.645,451.57
p57,n218,n219,51.5234,0.15,1560.7399999999998,871.3900000000001
p58,n277,n278,16.8101,0.1,2196.915,527.51
p59,n268,n273,57.0476,0.1,2170.135,604.865
p60,n309,n308,19.5812,0.1,2478.9700000000003,508.9
p61,n280,n286,54.3635,0.1,2398.6099999999997,788.28
p62,n275,n280,37.5392,0.1,2352.75,791.155
p63,n280,n283,65.7292,0.1,2369.24,757.19
p64,n293,n294,6.6814,0.1,2409.0950000000003,668.7349999999999
p65,n287,n291,30.0446,0.1,2540.16,952.7550000000001
p66,n245,n240,42.5781,0.1,2025.6750000000002,894.575
p67,n250,n249,5.017,0.1,2103.55,892.155
p68,n258,n259,10.1846,0.1,2055.165,687.1600000000001
p69,n314,n316,22.3779,0.1,2752.4449999999997,836.71
p70,n302,n297,47.7865,0.1,2387.2349999999997,517.97
p71,n328,n327,22.9926,0.1,2758.1549999999997,431.395
p72,n242,n246,43.0228,0.15,1770.255,435.39
p73,n236,n242,42.5596,0.15,1767.075,478.06
p74,n233,n236,57.4031,0.15,1760.31,527.495
p75,n231,n233,22.0221,0.15,1750.97,565.955
p76,n227,n231,38.0635,0.15,1739.9099999999999,593.8900000000001
p77,n302,n301,5.4292,0.063,2411.255,519.45
p78,n254,n253,9.2131,0.063,1848.37,395.745
p79,n222,n221,4.5125,0.15,1641.63,842.93
p80,n235,n239,55.3305,0.1,1896.72,745.365
p81,n126,n121,60.0801,0.075,198.635,106.725
p82,n121,n118,15.9998,0.1,188.22,141.845
p83,n177,n175,13.3385,0.1,790.1400000000001,251.84
p84,n162,n159,22.9046,0.1,923.565,754.825
p85,n193,n190,16.4364,0.1,1080.315,487.43
p86,n150,n153,23.6026,0.063,791.655,663.515
p87,n156,n157,38.8514,0.15,697.7,433.525
p88,n168,n171,22.9683,0.15,883.105,533.185
p89,n141,n133,65.8594,0.15,655.165,639.69
p90,n122,n120,18.0551,0.15,433.02,557.9
p91,n145,n146,5.3428,0.15,699.145,582.975
p92,n109,n107,7.0501,0.16,314.385,501.55499999999995
p93,n189,n188,19.7515,0.16,946.37,287.47
p94,n194,n193,19.3019,0.1,1098.1799999999998,487.735
p95,n94,n97,51.7831,0.1,305.985,761.77
p96,n96,n99,63.2939,0.1,211.985,533.775
p97,n99,n102,66.9802,0.1,242.115,502.725
p98,n101,n103,22.7331,0.1,301.83500000000004,556.89
p99,n102,n106,60.7132,0.1,275.0,472.28999999999996
p100,n102,n107,39.3009,0.1,294.9,503.86
p101,n103,n107,51.6094,0.16,313.725,530.875
p102,n104,n114,69.3344,0.1,205.665,280.075
p103,n104,n108,47.1926,0.1,167.5,259.475
p104,n105,n113,52.1526,0.15,358.71,555.01
p105,n110,n115,50.1743,0.1,440.675,661.0799999999999
p106,n110,n112,20.2696,0.1,416.56,648.4300000000001
p107,n113,n120,39.6039,0.15,404.58,555.17
p108,n114,n116,17.9183,0.1,248.4,284.825
p109,n114,n119,25.9671,0.1,243.235,268.305
p110,n115,n111,69.0704,0.2,462.15,697.99
p111,n116,n125,67.3462,0.1,290.145,289.525
p112,n127,n131,42.3661,0.063,276.92499999999995,146.37
p113,n134,n137,59.1164,0.15,406.82500000000005,223.99
p114,n136,n147,73.5155,0.1,535.1,358.34000000000003
p115,n138,n143,59.6311,0.1,618.23,508.0
p116,n139,n135,35.1911,0.1,368.21500000000003,147.81
p117,n140,n144,60.9268,0.1,797.63,807.5699999999999
p118,n141,n145,65.2915,0.15,692.6949999999999,617.685
p119,n144,n155,58.0354,0.1,852.5450000000001,796.4000000000001
p120,n146,n149,46.7217,0.15,701.79,557.08
p121,n147,n148,39.1766,0.15,572.22,340.015
p122,n148,n151,37.0322,0.15,602.915,362.595
p123,n155,n159,44.4612,0.1,895.2750000000001,770.335
p124,n157,n160,50.3933,0.15,735.005,457.845
p125,n160,n164,49.2863,0.15,778.8199999999999,481.53999999999996
p126,n161,n163,35.6826,0.1,856.1800000000001,611.51
p127,n162,n169,61.3236,0.1,963.9649999999999,742.99
p128,n166,n168,15.6697,0.15,865.64,524.9300000000001
p129,n167,n170,21.5927,0.1,931.46,628.645
p130,n169,n176,74.8142,0.1,1030.675,733.565
p131,n170,n174,64.0853,0.1,947.965,598.04
p132,n171,n173,39.144,0.15,911.1949999999999,546.4300000000001
p133,n172,n175,52.9645,0.1,758.7750000000001,241.10500000000002
p134,n173,n174,27.4612,0.15,941.3050000000001,560.655
p135,n177,n179,40.5201,0.1,815.955,259.47
p136,n178,n180,34.5469,0.1,1018.6199999999999,597.23
p137,n183,n185,36.7448,0.16,882.5350000000001,275.745
p138,n180,n186,59.382,0.1,1062.165,596.165
p139,n180,n181,33.9307,0.1,1045.27,617.67
p140,n186,n192,47.4653,0.1,1113.9,585.4549999999999
p141,n189,n195,70.2576,0.16,990.6600000000001,295.46
p142,n192,n196,55.1296,0.1,1165.0900000000001,582.265
p143,n197,n199,72.4956,0.16,1149.56,323.82
p144,n201,n202,28.0628,0.1,1507.7350000000001,568.06
p145,n205,n206,38.1162,0.1,1624.64,656.325
p146,n205,n208,54.0342,0.1,1620.83,618.51
p147,n217,n215,66.2774,0.1,1671.4299999999998,380.53999999999996
p148,n209,n210,47.8699,0.1,1634.32,541.715
p149,n209,n211,40.1662,0.1,1652.385,566.955
p150,n210,n213,63.0672,0.1,1667.72,520.4200000000001
p151,n212,n216,63.0563,0.1,1670.315,455.105
p152,n212,n215,74.4208,0.1,1638.6399999999999,415.38
p153,n221,n223,48.5425,0.1,1666.02,843.9449999999999
p154,n223,n224,60.488,0.1,1691.125,812.485
p155,n226,n227,23.4907,0.15,1722.905,617.655
p156,n228,n232,60.668,0.1,1902.6750000000002,864.435
p157,n231,n234,27.7914,0.1,1760.68,578.355
p158,n232,n235,61.2183,0.1,1899.685,803.565
p159,n233,n237,39.5957,0.1,1774.21,550.95
p160,n236,n243,38.8919,0.1,1781.725,489.58500000000004
p161,n239,n241,34.4356,0.1,1894.175,700.5550000000001
p162,n242,n247,43.5216,0.1,1787.225,446.64
p163,n244,n251,63.9285,0.15,1920.965,625.335
p164,n248,n249,51.2817,0.1,2102.34,920.28
p165,n250,n257,59.3324,0.1,2133.295,890.0
p166,n252,n258,56.564,0.1,2026.73,692.73
p167,n260,n256,23.5371,0.1,1918.375,447.1
p168,n262,n267,49.0169,0.1,2142.615,678.935
p169,n269,n273,71.5203,0.1,2199.355,639.08
p170,n270,n276,67.6756,0.1,2127.1800000000003,480.46500000000003
p171,n271,n274,49.2362,0.1,2401.4700000000003,961.645
p172,n274,n281,55.4012,0.1,2418.0299999999997,912.015
p173,n281,n282,53.2009,0.1,2428.005,859.355
p174,n282,n286,46.4828,0.1,2427.43,809.76
p175,n283,n289,41.9889,0.1,2387.96,723.14
p176,n284,n293,58.7628,0.1,2376.465,667.395
p177,n284,n290,72.2297,0.1,2344.5950000000003,629.835
p178,n289,n293,53.0485,0.1,2407.34,695.405
p179,n291,n292,19.8689,0.1,2543.12,927.975
p180,n292,n295,34.2525,0.1,2545.88,901.065
p181,n292,n296,32.9042,0.1,2560.685,920.9649999999999
p182,n298,n300,37.7973,0.2,2701.18,1055.6599999999999
p183,n299,n305,62.7307,0.1,2485.545,632.875
p184,n301,n308,68.0909,0.1,2445.41,520.42
p185,n305,n306,55.5132,0.1,2482.17,573.8499999999999
p186,n311,n316,61.1814,0.1,2723.675,824.72
p187,n312,n313,54.0415,0.1,2480.075,420.33500000000004
p188,n314,n319,61.1475,0.1,2780.9049999999997,852.0899999999999
p189,n316,n320,55.1111,0.1,2758.455,798.44
p190,n317,n321,40.8704,0.1,2558.02,418.71000000000004
p191,n322,n323,54.231,0.1,2766.1800000000003,674.6500000000001
p192,n325,n326,39.7874,0.1,2768.01,514.71
p193,n326,n327,62.6495,0.1,2755.545,465.07
p194,n328,n331,54.3392,0.1,2795.0,419.675
p195,n246,n217,74.5207,0.1,1738.255,398.135
p196,n95,n98,55.8465,0.1,254.01999999999998,642.76
p197,n122,n124,33.8464,0.15,457.85,565.44
p198,n130,n133,69.1173,0.15,590.72,619.665
p199,n137,n142,74.0429,0.15,461.26,262.32
p200,n154,n156,37.7536,0.15,667.1400000000001,410.44
p201,n163,n167,51.6878,0.1,894.97,625.325
p202,n164,n166,64.5793,0.15,829.6949999999999,507.1
p203,n174,n178,54.529,0.15,978.435,578.035
p204,n179,n183,32.4311,0.1,850.98,269.645
p205,n181,n182,34.7762,0.1,1066.88,644.3299999999999
p206,n185,n188,39.046,0.16,917.615,281.4
p207,n208,n209,27.4545,0.1,1630.6799999999998,579.19
p208,n221,n220,69.3527,0.15,1644.195,879.77
p209,n241,n244,55.53,0.1,1891.105,655.675
p210,n245,n249,56.5037,0.1,2075.215,894.63
p211,n251,n255,30.3174,0.15,1967.75,620.085
p212,n260,n261,52.1305,0.1,1927.82,420.87
p213,n263,n267,60.9402,0.1,2168.0,707.515
p214,n264,n266,25.095,0.15,2090.855,576.115
p215,n273,n277,67.4312,0.1,2197.83,569.62
p216,n304,n307,42.8233,0.1,2680.64,920.08
p217,n306,n308,27.4846,0.1,2480.02,532.41
p218,n309,n310,41.4415,0.1,2477.735,478.41499999999996
p219,n315,n317,54.9136,0.1,2556.815,466.44
p220,n320,n322,69.6172,0.1,2763.395,736.45
p221,n323,n324,65.9838,0.1,2770.755,614.715
p222,n324,n325,47.8129,0.1,2772.705,557.99
p223,n103,n105,19.5107,0.15,322.91999999999996,555.815
p224,n136,n334,35.8554,0.1,525.175,402.1
p225,n334,n333,40.9309,0.1,553.23,427.83500000000004
p226,n332,n143,37.6644,0.1,619.645,473.21000000000004
p228,n130,n128,46.7558,0.15,536.65,599.3800000000001
p229,n129,n69,59.6365,0.1,667.0,823.9849999999999
p230,n67,n70,73.0176,0.1,717.9449999999999,954.435
p231,n144,n80,46.5731,0.1,848.1600000000001,820.81
p232,n184,n191,74.298,0.1,1167.79,713.02
p233,n152,n158,52.2341,0.1,545.79,189.82
p234,n124,n128,45.6381,0.15,494.855,579.715
p236,n210,n212,65.9148,0.1,1637.615,484.93
p237,n341,n198,61.9464,0.1,1393.6599999999999,731.89
p238,n151,n154,42.6918,0.15,634.955,386.315
p240,n343,n44,23.9926,0.2,537.3199999999999,1157.6599999999999
p241,n5,n8,52.157,0.1,160.79000000000002,1207.33
p242,n8,n11,62.8657,0.1,164.89499999999998,1149.965
p243,n11,n13,58.9374,0.1,168.91,1089.195
p244,n13,n17,72.0893,0.1,173.9,1023.88
p245,n17,n21,73.4228,0.1,179.17000000000002,951.325
p246,n10,n344,66.1972,0.1,357.29499999999996,1442.585
p247,n344,n15,62.8912,0.1,348.99,1378.58
p248,n24,n346,56.5717,0.1,420.515,1199.8049999999998
p249,n345,n29,60.1765,0.1,453.91,1322.0749999999998
p250,n19,n345,63.0229,0.1,432.38,1360.4699999999998
p251,n23,n31,48.454,0.1,338.08500000000004,1106.96
p252,n20,n23,61.1031,0.1,320.22,1143.19
p253,n1,n347,68.097,0.1,136.62,1583.65
p254,n347,n348,45.4723,0.1,157.125,1612.335
p255,n348,n349,50.5431,0.1,203.17000000000002,1598.915
p256,n349,n350,50.0042,0.1,251.115,1583.8249999999998
p257,n350,n351,45.6975,0.1,296.91499999999996,1569.9699999999998
p258,n351,n7,54.9718,0.1,344.34000000000003,1553.185
p259,n2,n352,45.9778,0.1,296.03499999999997,1497.275
p260,n352,n10,45.9758,0.1,339.645,1482.705
p261,n3,n353,47.9576,0.1,267.35,1457.305
p262,n353,n354,46.1673,0.1,285.71000000000004,1427.645
p263,n354,n344,46.6814,0.1,330.57,1415.6950000000002
p264,n5,n355,58.9057,0.1,188.36,1234.495
p265,n355,n356,47.8409,0.1,241.64999999999998,1237.33
p266,n356,n12,42.6386,0.1,268.29999999999995,1260.145
p267,n6,n357,44.7387,0.1,283.28499999999997,1357.7
p268,n357,n14,74.2158,0.1,303.74,1316.3400000000001
p269,n7,n358,54.8852,0.1,395.95000000000005,1534.415
p270,n358,n359,54.8734,0.1,447.9,1516.725
p271,n359,n22,54.8852,0.1,499.85,1499.035
p272,n8,n360,54.4422,0.1,189.84,1179.9699999999998
p273,n360,n361,54.4379,0.1,244.21499999999997,1177.275
p274,n361,n20,54.4422,0.1,298.59,1174.58
p275,n10,n362,55.052,0.1,387.54999999999995,1466.68
p276,n362,n363,42.0531,0.1,433.16499999999996,1450.105
p277,n363,n19,52.7753,0.1,446.295,1416.67
p278,n11,n364,49.2109,0.1,191.73,1117.6999999999998
p279,n364,n365,49.202,0.1,240.905,1115.88
p280,n365,n23,49.2109,0.1,290.07500000000005,1114.06
p281,n13,n366,46.9238,0.1,193.845,1056.065
p282,n366,n367,46.9108,0.1,240.17,1048.63
p283,n367,n26,46.9238,0.1,286.495,1041.1950000000002
p284,n15,n368,40.9555,0.1,364.84,1343.025
p285,n368,n345,40.9555,0.1,404.845,1334.255
p286,n17,n369,41.7936,0.1,197.65,984.075
p287,n369,n370,41.7842,0.1,238.705,976.27
p288,n370,n33,41.7936,0.1,279.76,968.47
p289,n19,n371,44.3754,0.1,418.22,1395.74
p290,n371,n344,44.388,0.1,374.835,1405.08
p291,n20,n372,52.1064,0.1,351.66999999999996,1170.335
p292,n372,n27,31.2938,0.1,378.2,1151.81
p293,n21,n373,56.6909,0.1,209.015,909.13
p294,n373,n35,56.6782,0.1,264.605,898.0450000000001
p295,n22,n374,45.2612,0.1,520.47,1468.2
p296,n374,n375,45.2612,0.1,509.755,1424.225
p297,n375,n376,45.2708,0.1,499.03999999999996,1380.25
p298,n376,n29,45.2612,0.1,488.32500000000005,1336.27
p299,n23,n377,37.911,0.1,313.415,1094.2350000000001
p300,n377,n26,37.92,0.1,310.915,1056.4
p301,n24,n378,42.1213,0.1,398.555,1227.895
p302,n378,n379,42.1282,0.1,409.075,1268.685
p303,n379,n345,42.1213,0.1,419.595,1309.475
p304,n28,n380,51.8914,0.1,330.4,999.415
p305,n380,n42,51.8798,0.1,379.31,982.105
p306,n30,n381,49.2268,0.1,569.345,1448.02
p307,n381,n382,49.2364,0.1,556.935,1400.38
p308,n382,n383,49.2241,0.1,544.52,1352.74
p309,n383,n36,49.2364,0.1,532.0999999999999,1305.1
p310,n32,n384,54.2583,0.1,470.505,1270.255
p311,n384,n346,54.2656,0.1,455.32500000000005,1218.1599999999999
p312,n34,n385,37.8059,0.1,429.87,1138.29
p313,n385,n346,37.8079,0.1,441.78,1174.17
p314,n38,n386,58.7666,0.1,309.19,875.12
p315,n386,n40,58.7569,0.1,349.925,917.4749999999999
p316,n44,n387,48.3058,0.2,515.19,1140.545
p317,n387,n388,48.3053,0.2,493.245,1097.51
p318,n388,n45,48.3058,0.2,471.30499999999995,1054.475
p319,n44,n389,41.9903,0.1,506.55499999999995,1169.5749999999998
p320,n389,n346,41.9919,0.1,467.34000000000003,1184.6
p321,n47,n390,31.6244,0.1,571.185,1192.27
p322,n390,n391,59.993,0.1,598.78,1164.0500000000002
p323,n391,n392,48.7937,0.1,649.47,1144.685
p324,n392,n60,46.2596,0.1,694.89,1130.7150000000001
p325,n47,n393,50.5907,0.1,596.1949999999999,1207.84
p326,n393,n394,50.5858,0.1,646.78,1207.355
p327,n394,n395,50.5907,0.1,697.365,1206.87
p328,n395,n396,50.5858,0.1,747.95,1206.39
p329,n396,n397,50.582,0.1,798.53,1205.91
p330,n397,n398,50.5858,0.1,849.115,1205.43
p331,n398,n399,50.5907,0.1,899.7,1204.95
p332,n399,n75,50.5858,0.1,950.2850000000001,1204.4650000000001
p333,n48,n400,50.2578,0.1,643.08,1261.26
p334,n400,n401,50.254,0.1,693.335,1260.67
p335,n401,n59,50.2578,0.1,743.585,1260.08
p336,n48,n402,44.39,0.1,624.205,1282.855
p337,n402,n403,47.1041,0.1,645.115,1322.585
p338,n403,n404,55.5457,0.1,674.51,1364.56
p339,n404,n50,39.5692,0.1,708.125,1394.02
p340,n49,n405,45.5401,0.1,541.675,1064.58
p341,n405,n57,45.5271,0.1,586.755,1058.1950000000002
p342,n51,n406,40.1571,0.1,466.005,891.79
p343,n406,n58,40.1436,0.1,506.135,890.485
p344,n52,n407,53.4351,0.1,515.76,969.3
p345,n407,n58,53.429,0.1,522.72,916.3199999999999
p346,n54,n408,53.3182,0.2,647.5899999999999,1117.33
p347,n408,n62,53.3059,0.2,699.165,1103.83
p348,n55,n409,54.3413,0.1,775.4300000000001,1341.01
p349,n409,n59,54.3413,0.1,770.95,1286.855
p350,n55,n410,56.1843,0.1,799.095,1349.925
p351,n410,n411,56.1924,0.1,841.9549999999999,1313.595
p352,n411,n68,56.1843,0.1,884.815,1277.26
p353,n56,n412,50.8629,0.15,592.4100000000001,993.965
p354,n412,n413,50.8589,0.15,643.255,992.745
p355,n413,n67,50.8629,0.15,694.105,991.525
p356,n57,n414,56.7688,0.1,637.54,1052.24
p357,n414,n66,56.7688,0.1,694.04,1046.72
p358,n58,n415,56.9344,0.1,529.345,861.54
p359,n415,n117,56.9365,0.1,535.625,804.9549999999999
p360,n59,n416,45.8457,0.1,791.635,1259.6599999999999
p361,n416,n417,45.842,0.1,837.48,1259.4299999999998
p362,n417,n68,45.8457,0.1,883.3199999999999,1259.205
p363,n62,n418,45.0275,0.15,746.63,1091.0149999999999
p364,n418,n419,45.0372,0.15,789.9949999999999,1078.875
p365,n419,n72,45.0275,0.15,833.3599999999999,1066.7350000000001
p366,n63,n420,50.3755,0.1,786.3050000000001,1142.25
p367,n420,n421,50.3705,0.1,836.675,1142.02
p368,n421,n422,50.3755,0.1,887.05,1141.785
p369,n422,n423,50.3668,0.1,937.4200000000001,1141.56
p370,n423,n424,50.3705,0.1,987.7850000000001,1141.33
p371,n424,n82,50.3755,0.1,1038.1599999999999,1141.095
p372,n64,n425,44.8347,0.1,745.1500000000001,1055.19
p373,n425,n426,44.8216,0.1,789.5450000000001,1048.975
p374,n426,n73,44.8347,0.1,833.94,1042.76
p375,n65,n427,48.2043,0.2,784.3199999999999,1106.71
p376,n427,n428,48.0736,0.2,831.115,1095.585
p377,n428,n429,51.7523,0.2,879.44,1083.135
p378,n429,n430,47.3797,0.2,928.115,1080.2150000000001
p379,n430,n431,47.2886,0.2,975.22,1084.495
p380,n431,n432,48.3442,0.2,1022.99,1084.955
p381,n432,n433,47.6579,0.2,1070.975,1083.645
p382,n433,n85,47.8974,0.2,1118.6599999999999,1081.1
p383,n68,n434,44.2086,0.1,923.575,1245.375
p384,n434,n75,44.2101,0.1,958.245,1217.94
p385,n69,n435,62.9855,0.1,672.4300000000001,884.365
p386,n435,n70,45.7475,0.1,693.51,916.885
p387,n72,n436,51.6169,0.15,879.825,1053.46
p388,n436,n77,51.6072,0.15,929.385,1039.05
p389,n74,n437,44.9696,0.1,879.75,1014.025
p390,n437,n79,44.9696,0.1,924.515,1009.72
p391,n75,n438,54.0942,0.1,997.5250000000001,1188.4099999999999
p392,n438,n82,54.0843,0.1,1041.4099999999999,1156.79
p393,n76,n439,41.1824,0.1,882.395,950.345
p394,n439,n81,41.1824,0.1,923.405,954.115
p395,n77,n440,44.8541,0.15,976.035,1026.895
p396,n440,n441,44.8445,0.15,1019.7750000000001,1016.985
p397,n441,n442,58.9926,0.15,1068.645,1000.16
p398,n442,n87,33.7082,0.15,1112.39,990.25
p399,n78,n443,49.187,0.1,890.0799999999999,884.76
p400,n443,n444,43.6626,0.1,935.405,894.5899999999999
p401,n444,n84,42.9463,0.1,955.565,876.75
p402,n80,n445,44.2564,0.1,890.36,837.1099999999999
p403,n445,n84,44.2494,0.1,932.915,849.25
p404,n81,n446,54.4589,0.1,970.4449999999999,949.875
p405,n446,n447,46.7165,0.1,1019.76,938.6
p406,n447,n448,49.8495,0.1,1066.865,927.995
p407,n448,n89,47.0062,0.1,1094.4850000000001,899.27
p408,n82,n449,50.2513,0.1,1083.145,1125.505
p409,n449,n85,50.2513,0.1,1122.73,1094.5549999999998
p410,n83,n450,49.2875,0.1,1067.1,1035.27
p411,n450,n451,49.2875,0.1,1116.3000000000002,1032.395
p412,n451,n90,49.2875,0.1,1165.505,1029.52
p413,n84,n452,49.8375,0.1,977.7850000000001,863.33
p414,n452,n453,48.5855,0.1,1025.65,870.22
p415,n453,n89,48.353,0.1,1073.85,872.55
p416,n87,n454,49.4835,0.15,1145.49,973.655
p417,n454,n455,49.4898,0.15,1178.2199999999998,936.5450000000001
p418,n455,n456,49.4835,0.15,1210.955,899.4300000000001
p419,n456,n457,49.4898,0.15,1243.69,862.315
p420,n457,n93,49.4835,0.15,1276.425,825.2
p421,n89,n458,42.3914,0.1,1082.02,861.825
p422,n458,n459,47.8763,0.1,1046.1599999999999,834.645
p423,n459,n460,38.7107,0.1,1015.54,805.395
p424,n460,n169,55.5815,0.1,999.26,761.9649999999999
p425,n90,n461,49.43,0.2,1210.8249999999998,1014.5999999999999
p426,n461,n462,49.4395,0.2,1252.26,987.645
p427,n462,n340,49.43,0.2,1293.7,960.69
p428,n93,n463,46.1048,0.1,1272.565,795.575
p429,n463,n464,46.1134,0.1,1232.115,773.44
p430,n464,n465,46.11,0.1,1191.665,751.3050000000001
p431,n465,n184,46.1134,0.1,1151.2150000000001,729.1700000000001
p432,n93,n466,44.2888,0.15,1313.615,814.16
p433,n466,n467,44.2811,0.15,1355.27,829.19
p434,n467,n342,44.2888,0.15,1396.9299999999998,844.22
p435,n94,n468,61.2158,0.1,280.885,732.74
p436,n468,n98,61.2244,0.1,281.55,671.52
p437,n94,n469,59.0415,0.1,251.835,770.19
p438,n469,n470,48.9692,0.1,223.87,752.5550000000001
p439,n470,n471,38.2847,0.1,221.71,709.1600000000001
p440,n471,n95,46.223,0.1,222.48000000000002,667.425
p441,n95,n472,40.3008,0.1,223.44,624.645
p442,n472,n96,40.3008,0.1,218.005,584.71
p443,n96,n473,37.7905,0.1,234.08999999999997,562.8299999999999
p444,n473,n101,37.7814,0.1,271.68,559.015
p445,n97,n474,58.8701,0.1,331.05,730.76
p446,n474,n100,58.8652,0.1,330.305,671.9000000000001
p447,n97,n475,66.1955,0.1,364.20000000000005,755.62
p448,n475,n476,46.3511,0.1,401.615,728.3399999999999
p449,n476,n110,48.0382,0.1,410.985,682.0799999999999
p450,n98,n477,42.1265,0.1,284.03,619.96
p451,n477,n101,42.1206,0.1,288.32500000000005,578.06
p452,n99,n478,45.3559,0.1,204.91,480.445
p453,n478,n479,45.3559,0.1,197.375,435.72
p454,n479,n480,45.3524,0.1,189.84,391.0
p455,n480,n481,45.3559,0.1,182.305,346.275
p456,n481,n104,45.3559,0.1,174.77499999999998,301.55
p457,n100,n482,43.7858,0.1,351.8,641.435
p458,n482,n112,43.7858,0.1,395.53499999999997,639.365
p459,n100,n483,43.7708,0.1,330.61,620.595
p460,n483,n105,43.7793,0.1,331.96500000000003,576.84
p461,n106,n484,39.4389,0.1,267.815,423.37
p462,n484,n485,48.8057,0.1,258.61,380.53499999999997
p463,n485,n116,67.5757,0.1,256.26,322.48
p464,n108,n486,47.1461,0.1,168.57999999999998,216.64
p465,n486,n118,47.1471,0.1,177.755,170.395
p466,n108,n487,41.838,0.1,184.53,243.735
p467,n487,n119,41.838,0.1,225.61,251.68
p468,n109,n488,51.9688,0.15,315.67999999999995,472.07
p469,n488,n489,51.9688,0.15,318.0,420.155
p470,n489,n490,51.9688,0.15,320.32000000000005,368.24
p471,n490,n125,51.9688,0.15,322.645,316.32
p472,n112,n491,41.677,0.1,419.15,617.565
p473,n491,n120,41.6713,0.1,422.64,576.04
p474,n113,n492,49.435,0.1,383.275,530.385
p475,n492,n493,49.4306,0.1,380.255,481.04499999999996
p476,n493,n123,49.435,0.1,377.235,431.705
p477,n115,n494,46.8209,0.2,467.735,640.315
p478,n494,n124,46.8291,0.2,471.94,593.6800000000001
p479,n115,n495,44.8971,0.1,478.145,644.99
p480,n495,n128,44.8925,0.1,503.16499999999996,607.71
p481,n117,n496,56.0035,0.1,541.905,748.835
p482,n496,n497,56.0175,0.1,548.1949999999999,693.175
p483,n497,n130,56.0035,0.1,554.485,637.5150000000001
p484,n117,n498,61.2154,0.1,569.02,781.26
p485,n498,n129,61.2092,0.1,629.54,790.4549999999999
p486,n119,n499,46.182,0.1,252.26,233.385
p487,n499,n127,46.1819,0.1,264.47,188.85000000000002
p488,n120,n500,50.5681,0.1,431.775,531.1
p489,n500,n501,45.738,0.1,450.64,487.135
p490,n501,n502,46.546,0.1,474.93,447.93
p491,n502,n136,47.9078,0.1,500.755,408.39
p492,n121,n503,41.1083,0.1,213.22,143.95999999999998
p493,n503,n127,41.0942,0.1,251.45499999999998,159.04000000000002
p494,n122,n504,57.655,0.1,457.48,536.425
p495,n504,n505,57.6639,0.1,489.125,488.225
p496,n505,n334,57.655,0.1,520.77,440.025
p497,n123,n506,44.4234,0.1,396.685,399.66499999999996
p498,n506,n132,63.4395,0.1,421.02,360.765
p499,n123,n507,50.0966,0.1,376.615,382.0
p500,n507,n508,50.0997,0.1,378.385,331.935
p501,n508,n509,50.0966,0.1,380.155,281.865
p502,n509,n134,50.0997,0.1,381.92,231.8
p503,n124,n510,53.9955,0.1,490.015,548.59
p504,n510,n511,54.0087,0.1,521.96,505.05
p505,n511,n333,53.9955,0.1,553.9,461.51
p506,n125,n512,46.7221,0.15,324.96000000000004,267.03
p507,n512,n513,52.9434,0.15,329.87,217.495
p508,n513,n134,51.5535,0.15,358.21500000000003,199.03
p509,n126,n514,44.671,0.1,224.45999999999998,83.78
p510,n514,n515,44.6784,0.1,267.04499999999996,97.28
p511,n515,n516,44.671,0.1,309.63,110.78
p512,n516,n139,44.671,0.1,352.21500000000003,124.28
p513,n128,n517,51.3582,0.1,530.38,568.0250000000001
p514,n517,n518,51.354,0.1,559.8050000000001,525.94
p515,n518,n332,51.3582,0.1,589.235,483.85
p516,n129,n519,54.3225,0.1,686.855,797.425
p517,n519,n140,54.3143,0.1,740.9649999999999,802.18
p518,n129,n520,49.2445,0.1,664.25,770.835
p519,n520,n521,49.2586,0.1,673.1600000000001,722.4
p520,n521,n141,49.2445,0.1,682.0699999999999,673.96
p521,n130,n522,44.3503,0.1,568.505,590.365
p522,n522,n138,44.3554,0.1,590.25,551.71
p523,n132,n523,44.1281,0.1,426.01,307.225
p524,n523,n137,44.1281,0.1,429.235,263.21500000000003
p525,n132,n524,53.5583,0.1,446.74,343.99
p526,n524,n136,53.5538,0.1,491.41999999999996,373.51
p527,n138,n525,55.6634,0.1,625.56,545.6949999999999
p528,n525,n145,55.6496,0.1,674.435,572.3199999999999
p529,n139,n526,51.9983,0.1,398.015,139.70499999999998
p530,n526,n527,51.9994,0.1,447.03,157.065
p531,n527,n152,51.9983,0.1,496.04499999999996,174.43
p532,n140,n528,47.4437,0.1,769.995,780.92
p533,n528,n529,47.4412,0.1,773.95,733.64
p534,n529,n150,47.4437,0.1,777.905,686.36
p535,n142,n530,52.2005,0.1,498.895,258.35
p536,n530,n152,52.1933,0.1,513.335,208.19
p537,n142,n531,39.4283,0.15,507.865,294.675
p538,n531,n147,39.4283,0.15,540.25,317.165
p539,n143,n532,42.5989,0.1,652.55,496.17
p540,n532,n149,42.5948,0.1,686.96,521.28
p541,n143,n533,38.7756,0.1,647.0550000000001,468.17
p542,n533,n156,38.7795,0.1,670.485,437.27
p543,n144,n534,52.7663,0.1,829.23,784.27
p544,n534,n535,52.9968,0.1,831.435,731.465
p545,n535,n536,50.5571,0.1,830.8,679.705
p546,n536,n161,55.8986,0.1,836.5350000000001,627.28
p547,n146,n537,57.5883,0.1,719.535,600.9200000000001
p548,n537,n150,57.5883,0.1,759.765,642.12
p549,n148,n538,41.1662,0.1,575.145,367.695
p550,n538,n334,41.1662,0.1,549.44,399.85
p551,n149,n539,44.5293,0.15,706.425,511.69000000000005
p552,n539,n157,44.5315,0.15,710.945,467.385
p553,n151,n540,40.8647,0.1,605.845,390.115
p554,n540,n333,40.8606,0.1,581.865,423.20000000000005
p555,n154,n541,39.9307,0.1,640.05,414.995
p556,n541,n332,39.9399,0.1,615.985,446.865
p557,n155,n542,53.1881,0.1,876.415,755.665
p558,n542,n543,53.1746,0.1,873.5450000000001,702.56
p559,n543,n163,53.1881,0.1,870.675,649.4549999999999
p560,n157,n544,52.2754,0.1,714.77,419.14
p561,n544,n165,52.2783,0.1,717.905,366.96000000000004
p562,n158,n545,38.372,0.1,570.21,215.7
p563,n545,n546,36.8009,0.1,579.8499999999999,250.005
p564,n546,n547,46.4672,0.1,588.815,288.325
p565,n547,n548,56.091,0.1,614.22,319.445
p566,n548,n165,79.5058,0.1,680.2950000000001,334.125
p567,n158,n549,55.5403,0.1,598.145,202.53
p568,n549,n550,55.5409,0.1,652.375,214.525
p569,n550,n172,55.5403,0.1,706.605,226.525
p570,n159,n551,43.6496,0.1,914.03,736.665
p571,n551,n552,43.6468,0.1,916.7,693.1
p572,n552,n167,43.6496,0.1,919.37,649.5350000000001
p573,n160,n553,55.0151,0.1,761.765,443.405
p574,n553,n554,55.0151,0.1,771.675,389.29
p575,n554,n555,55.0151,0.1,781.585,335.175
p576,n555,n177,55.0151,0.1,791.495,281.06
p577,n161,n556,38.8471,0.1,850.52,582.1600000000001
p578,n556,n168,38.8453,0.1,865.3199999999999,546.24
p579,n162,n557,60.9532,0.1,936.375,720.79
p580,n557,n170,60.9616,0.1,940.27,659.96
p581,n164,n558,46.0603,0.1,804.2950000000001,469.85
p582,n558,n559,46.0541,0.1,811.225,424.315
p583,n559,n560,46.0681,0.1,818.1500000000001,378.78
p584,n560,n561,46.0541,0.1,825.0699999999999,333.24
p585,n561,n179,46.0603,0.1,831.995,287.70500000000004
p586,n165,n562,54.6393,0.1,723.0350000000001,313.78499999999997
p587,n562,n172,54.6332,0.1,730.1600000000001,259.615
p588,n166,n563,49.5382,0.1,862.555,497.135
p589,n563,n564,49.5368,0.1,870.555,448.245
p590,n564,n565,49.5382,0.1,878.56,399.355
p591,n565,n566,49.5368,0.1,886.565,350.47
p592,n566,n185,49.5382,0.1,894.57,301.585
p593,n169,n567,48.5253,0.1,995.11,710.5699999999999
p594,n567,n568,48.5197,0.1,998.325,662.155
p595,n568,n178,48.5253,0.1,1001.545,613.74
p596,n171,n569,51.2225,0.1,897.8050000000001,512.845
p597,n569,n570,51.2148,0.1,906.435,462.36
p598,n570,n571,51.2289,0.1,915.0699999999999,411.875
p599,n571,n572,51.2148,0.1,923.71,361.39
p600,n572,n188,51.2225,0.1,932.345,310.905
p601,n173,n573,53.3805,0.1,931.62,528.22
p602,n573,n574,53.3666,0.1,937.0550000000001,475.125
p603,n574,n575,53.3805,0.1,942.49,422.03
p604,n575,n576,53.3666,0.1,947.925,368.935
p605,n576,n189,53.3805,0.1,953.36,315.835
p606,n176,n577,54.7828,0.1,1061.33,705.745
p607,n577,n181,48.7504,0.1,1055.635,654.775
p608,n176,n578,32.3629,0.1,1083.635,728.79
p609,n578,n184,32.3599,0.1,1115.205,721.665
p610,n182,n579,40.204,0.1,1090.725,673.2149999999999
p611,n579,n184,40.1921,0.1,1117.5700000000002,703.14
p612,n186,n580,49.861,0.1,1089.825,562.47
p613,n580,n193,49.8649,0.1,1088.9650000000001,512.615
p614,n187,n581,49.9509,0.1,1013.7349999999999,425.985
p615,n581,n582,49.9533,0.1,1018.335,376.25
p616,n582,n195,49.9509,0.1,1022.935,326.51
p617,n191,n583,46.4205,0.1,1227.685,705.645
p618,n583,n584,52.3405,0.1,1276.835,700.895
p619,n584,n585,45.92,0.1,1325.825,699.5050000000001
p620,n585,n198,47.1995,0.1,1372.3600000000001,700.7850000000001
p621,n191,n586,42.492,0.1,1202.5949999999998,686.7850000000001
p622,n586,n587,42.492,0.1,1198.605,644.48
p623,n587,n196,42.492,0.1,1194.62,602.175
p624,n192,n588,51.4257,0.1,1137.2849999999999,557.8
p625,n588,n194,53.0618,0.1,1122.425,509.935
p626,n194,n589,56.8085,0.1,1108.84,459.395
p627,n589,n590,56.8085,0.1,1110.855,402.62
p628,n590,n197,56.8085,0.1,1112.8649999999998,345.845
p629,n195,n591,45.0223,0.16,1047.4,305.595
p630,n591,n197,45.0146,0.16,1091.715,313.505
p631,n196,n592,50.1963,0.1,1191.89,555.935
p632,n592,n593,50.1828,0.1,1190.41,505.77
p633,n593,n594,50.1963,0.1,1188.935,455.6
p634,n594,n595,50.1828,0.1,1187.46,405.43
p635,n595,n199,50.1963,0.1,1185.9850000000001,355.265
p636,n196,n596,51.8426,0.1,1218.525,579.865
p637,n596,n597,51.8561,0.1,1270.3200000000002,577.5550000000001
p638,n597,n598,51.8426,0.1,1322.115,575.24
p639,n598,n200,51.8426,0.1,1373.905,572.9200000000001
p640,n198,n599,51.041,0.1,1421.365,703.4
p641,n599,n600,44.9201,0.1,1469.0149999999999,702.685
p642,n600,n601,48.6103,0.1,1512.7849999999999,688.2850000000001
p643,n601,n203,47.8073,0.1,1549.0749999999998,658.2
p644,n198,n602,43.1012,0.1,1396.6,679.46
p645,n602,n603,43.0927,0.1,1397.88,636.385
p646,n603,n200,43.1012,0.1,1399.1599999999999,593.3050000000001
p647,n199,n604,44.7849,0.16,1207.5149999999999,332.53
p648,n604,n605,44.793,0.16,1252.0549999999998,337.23
p649,n605,n606,44.7849,0.16,1296.6,341.92999999999995
p650,n606,n607,44.793,0.16,1341.1399999999999,346.625
p651,n607,n204,44.7849,0.16,1385.68,351.32000000000005
p652,n199,n608,42.2564,0.1,1203.46,340.885
p653,n608,n609,56.3877,0.1,1231.26,378.105
p654,n609,n610,55.6009,0.1,1249.755,430.95500000000004
p655,n610,n611,48.57,0.1,1270.8000000000002,478.32000000000005
p656,n611,n612,49.0932,0.1,1306.46,506.38
p657,n612,n613,45.8613,0.1,1349.565,525.335
p658,n613,n200,46.1546,0.1,1384.475,554.51
p659,n200,n614,53.6192,0.1,1426.49,574.335
p660,n614,n201,53.6134,0.1,1479.8600000000001,579.4749999999999
p661,n200,n615,51.9074,0.1,1399.945,545.81
p662,n615,n616,59.8917,0.1,1399.405,489.92
p663,n616,n617,47.9481,0.1,1398.615,436.005
p664,n617,n204,59.1206,0.1,1403.23,382.85
p665,n201,n618,40.5355,0.1,1520.865,596.38
p666,n618,n203,40.5355,0.1,1549.5149999999999,625.06
p667,n202,n619,46.3,0.1,1509.02,530.9300000000001
p668,n619,n620,46.3,0.1,1509.195,484.63
p669,n620,n621,46.3086,0.1,1509.365,438.32500000000005
p670,n621,n214,46.3,0.1,1509.5349999999999,392.02
p671,n204,n622,51.4048,0.16,1433.37,357.47
p672,n622,n214,51.397,0.16,1484.205,365.07
p673,n206,n623,44.2209,0.1,1655.71,657.2650000000001
p674,n623,n226,44.2109,0.1,1693.865,634.915
p675,n207,n624,38.9176,0.1,1578.1399999999999,512.735
p676,n624,n210,38.9119,0.1,1616.905,516.155
p677,n208,n625,42.9908,0.1,1607.58,591.125
p678,n625,n337,42.9908,0.1,1564.72,587.7550000000001
p679,n211,n626,34.6872,0.1,1689.69,569.975
p680,n626,n233,50.597,0.1,1730.975,563.655
p681,n218,n627,42.8756,0.2,1583.6149999999998,901.4000000000001
p682,n627,n220,42.8756,0.2,1625.61,910.04
p683,n218,n628,55.0033,0.2,1535.175,898.845
p684,n628,n629,55.0033,0.2,1480.2849999999999,902.375
p685,n629,n335,55.0033,0.2,1425.395,905.905
p686,n219,n630,41.3852,0.1,1579.5149999999999,844.445
p687,n630,n222,41.3852,0.1,1620.825,841.935
p688,n219,n631,39.2619,0.15,1549.6149999999998,828.38
p689,n631,n338,39.2615,0.15,1531.125,793.7449999999999
p690,n220,n632,49.8701,0.2,1671.37,917.3
p691,n632,n633,49.8781,0.2,1720.895,923.175
p692,n633,n634,49.8701,0.2,1770.4250000000002,929.0450000000001
p693,n634,n635,49.8701,0.2,1819.95,934.9200000000001
p694,n635,n636,49.8781,0.2,1869.475,940.7950000000001
p695,n636,n230,49.8701,0.2,1919.0,946.6700000000001
p696,n222,n637,39.021,0.15,1640.49,821.19
p697,n637,n638,46.2162,0.15,1636.5700000000002,778.78
p698,n638,n639,45.0813,0.15,1643.755,735.715
p699,n639,n640,55.5188,0.15,1677.655,701.2650000000001
p700,n640,n641,52.7013,0.15,1727.0500000000002,680.76
p701,n641,n229,38.6951,0.15,1755.12,655.3699999999999
p702,n223,n642,52.7766,0.1,1716.625,841.635
p703,n642,n643,52.7766,0.1,1769.3600000000001,839.49
p704,n643,n644,52.7677,0.1,1822.0900000000001,837.3499999999999
p705,n644,n232,52.7766,0.1,1874.815,835.21
p706,n223,n645,46.0095,0.1,1691.69,865.6700000000001
p707,n645,n646,49.2161,0.1,1717.6599999999999,890.49
p708,n646,n647,54.441,0.1,1769.38,893.825
p709,n647,n648,51.5097,0.1,1822.315,895.31
p710,n648,n228,56.1044,0.1,1876.12,895.0250000000001
p711,n224,n649,51.6009,0.1,1717.7649999999999,781.105
p712,n649,n650,51.6098,0.1,1769.32,778.79
p713,n650,n651,51.5963,0.1,1820.87,776.47
p714,n651,n235,51.6009,0.1,1872.415,774.15
p715,n224,n652,42.111,0.1,1693.21,761.24
p716,n652,n225,63.0104,0.1,1725.7649999999999,736.955
p717,n225,n653,46.3567,0.1,1780.125,731.0350000000001
p718,n653,n654,46.3567,0.1,1826.1750000000002,725.72
p719,n654,n239,46.3567,0.1,1872.225,720.4
p720,n225,n655,41.5854,0.1,1756.52,712.905
p721,n655,n656,42.1769,0.1,1777.025,691.9649999999999
p722,n656,n657,51.0216,0.1,1823.62,691.39
p723,n657,n241,44.6217,0.1,1871.115,687.1700000000001
p724,n228,n658,50.1102,0.1,1929.225,894.685
p725,n658,n240,50.1052,0.1,1979.335,894.595
p726,n230,n659,52.4974,0.2,1970.005,948.99
p727,n659,n660,52.4974,0.2,2022.49,947.75
p728,n660,n248,52.4974,0.2,2074.9700000000003,946.515
p729,n240,n661,56.5261,0.1,2006.45,866.3599999999999
p730,n661,n662,50.3384,0.1,2009.4450000000002,813.02
p731,n662,n663,62.2137,0.1,2010.7350000000001,756.765
p732,n663,n252,34.8226,0.1,2004.77,709.435
p733,n245,n664,50.6261,0.1,2047.97,869.3050000000001
p734,n664,n665,50.6292,0.1,2049.98,818.7149999999999
p735,n665,n666,50.6261,0.1,2051.99,768.13
p736,n666,n258,50.6292,0.1,2054.005,717.5450000000001
p737,n246,n667,35.78,0.1,1784.375,401.03999999999996
p738,n667,n254,52.1012,0.1,1822.7649999999999,389.645
p739,n248,n668,49.1982,0.2,2125.59,949.16
p740,n668,n669,50.9743,0.2,2175.455,951.915
p741,n669,n670,46.6046,0.2,2224.01,954.69
p742,n670,n671,47.2139,0.2,2270.395,961.6800000000001
p743,n671,n672,51.2096,0.2,2318.6949999999997,970.995
p744,n672,n271,50.8017,0.2,2368.725,980.815
p745,n251,n673,44.4531,0.1,1949.98,600.645
p746,n673,n674,44.4439,0.1,1944.305,556.56
p747,n674,n675,44.4531,0.1,1938.635,512.475
p748,n675,n260,44.4531,0.1,1932.96,468.385
p749,n252,n676,38.6749,0.1,1994.51,674.28
p750,n676,n255,38.6812,0.1,1986.625,636.415
p751,n255,n677,51.8609,0.15,2007.17,608.96
p752,n677,n264,51.8511,0.15,2056.15,591.9200000000001
p753,n257,n678,57.3993,0.1,2191.66,890.715
p754,n678,n265,57.3942,0.1,2249.05,891.44
p755,n257,n679,50.8348,0.1,2163.96,864.95
p756,n679,n680,50.8295,0.1,2165.955,814.155
p757,n680,n263,50.8348,0.1,2167.95,763.365
p758,n261,n681,50.3026,0.225,1950.6399999999999,396.655
p759,n681,n682,50.2996,0.225,2000.88,399.18
p760,n682,n272,50.3026,0.225,2051.12,401.705
p761,n262,n683,56.7786,0.1,2109.8450000000003,653.67
p762,n683,n264,47.9173,0.1,2091.075,604.9649999999999
p763,n263,n684,49.6335,0.1,2193.71,736.27
p764,n684,n685,49.6246,0.1,2243.225,732.8800000000001
p765,n685,n686,49.6335,0.1,2292.74,729.49
p766,n686,n283,49.6246,0.1,2342.25,726.095
p767,n266,n687,43.5047,0.1,2099.15,547.165
p768,n687,n270,43.5047,0.1,2095.3050000000003,503.83000000000004
p769,n266,n688,53.9334,0.15,2125.0,556.4000000000001
p770,n688,n278,53.9334,0.15,2172.8599999999997,531.54
p771,n269,n689,49.122,0.1,2224.605,673.335
p772,n689,n690,49.1175,0.1,2273.63,670.345
p773,n690,n284,49.122,0.1,2322.6549999999997,667.355
p774,n270,n691,40.5177,0.1,2089.1000000000004,462.36
p775,n691,n272,40.5146,0.1,2080.5299999999997,422.76
p776,n271,n692,49.4191,0.2,2417.8599999999997,990.525
p777,n692,n693,49.4191,0.2,2466.04,1001.515
p778,n693,n694,49.4264,0.2,2514.2250000000004,1012.505
p779,n694,n695,49.4191,0.2,2562.415,1023.495
p780,n695,n696,49.4191,0.2,2610.6000000000004,1034.4850000000001
p781,n696,n298,49.4191,0.2,2658.7799999999997,1045.48
p782,n272,n697,41.858,0.225,2097.17,403.03
p783,n697,n698,41.8616,0.225,2139.0299999999997,403.165
p784,n698,n285,41.858,0.225,2180.8900000000003,403.3
p785,n273,n699,47.902,0.1,2222.515,601.74
p786,n699,n700,47.9154,0.1,2270.3149999999996,598.565
p787,n700,n290,47.902,0.1,2318.12,595.395
p788,n274,n701,44.2335,0.1,2430.74,943.165
p789,n701,n702,44.2262,0.1,2473.87,952.975
p790,n702,n287,44.2335,0.1,2516.995,962.7850000000001
p791,n277,n703,45.0892,0.1,2219.58,535.4749999999999
p792,n703,n704,47.0074,0.1,2265.5299999999997,532.97
p793,n704,n705,46.1225,0.1,2311.99,530.185
p794,n705,n290,64.7194,0.1,2338.5299999999997,561.64
p795,n279,n706,37.7147,0.1,2214.37,499.775
p796,n706,n288,37.7034,0.1,2249.3,485.565
p797,n279,n707,51.8136,0.1,2198.135,481.005
p798,n707,n285,51.8166,0.1,2200.5950000000003,429.25
p799,n281,n708,60.2072,0.1,2456.99,885.325
p800,n708,n295,60.1985,0.1,2517.1850000000004,884.44
p801,n282,n709,52.8283,0.1,2455.52,832.02
p802,n709,n710,52.8283,0.1,2508.3199999999997,830.185
p803,n710,n711,52.8194,0.1,2561.1099999999997,828.355
p804,n711,n712,52.8283,0.1,2613.9,826.5250000000001
p805,n712,n311,52.8283,0.1,2666.7,824.69
p806,n285,n713,47.0206,0.225,2225.32,402.695
p807,n713,n714,47.0158,0.225,2272.315,401.34000000000003
p808,n714,n715,47.0206,0.225,2319.31,399.985
p809,n715,n716,47.007,0.225,2366.3050000000003,398.63
p810,n716,n717,47.0206,0.225,2413.3,397.275
p811,n717,n313,47.0158,0.225,2460.3,395.92
p812,n286,n718,48.1788,0.1,2449.805,785.48
p813,n718,n719,48.1834,0.1,2497.935,783.2850000000001
p814,n719,n720,48.1788,0.1,2546.065,781.09
p815,n720,n721,48.1923,0.1,2594.2,778.89
p816,n721,n722,48.1788,0.1,2642.335,776.69
p817,n722,n723,48.1834,0.1,2690.465,774.495
p818,n723,n320,48.1788,0.1,2738.5950000000003,772.3050000000001
p819,n287,n724,51.7117,0.1,2563.77,973.44
p820,n724,n725,59.5779,0.1,2617.84,986.565
p821,n725,n304,60.0602,0.1,2659.995,967.01
p822,n289,n726,50.8261,0.1,2434.29,720.435
p823,n726,n727,50.8306,0.1,2485.035,717.55
p824,n727,n728,50.8261,0.1,2535.7799999999997,714.665
p825,n728,n729,50.8216,0.1,2586.52,711.7850000000001
p826,n729,n730,50.8261,0.1,2637.265,708.905
p827,n730,n731,50.8306,0.1,2688.015,706.02
p828,n731,n322,50.8261,0.1,2738.76,703.135
p829,n294,n732,37.5481,0.1,2431.17,667.4549999999999
p830,n732,n299,37.5347,0.1,2468.645,665.28
p831,n294,n733,45.9337,0.1,2410.955,645.62
p832,n733,n734,58.5196,0.1,2407.505,593.505
p833,n734,n301,42.5654,0.1,2408.4700000000003,543.2349999999999
p834,n295,n735,47.2069,0.1,2570.735,886.675
p835,n735,n736,47.2048,0.1,2617.635,892.0350000000001
p836,n736,n307,47.2069,0.1,2664.535,897.4000000000001
p837,n296,n737,48.881,0.1,2600.99,927.87
p838,n737,n304,48.881,0.1,2649.19,936.01
p839,n298,n738,56.3034,0.1,2694.49,1025.335
p840,n738,n739,53.1364,0.1,2716.6400000000003,975.3
p841,n739,n740,48.3641,0.1,2733.7650000000003,927.645
p842,n740,n314,57.5482,0.1,2745.5,876.065
p843,n299,n741,46.8904,0.1,2510.785,662.8050000000001
p844,n741,n742,46.8904,0.1,2557.5950000000003,660.04
p845,n742,n743,46.8948,0.1,2604.41,657.28
p846,n743,n744,46.8814,0.1,2651.2200000000003,654.52
p847,n744,n745,46.8904,0.1,2698.02,651.76
p848,n745,n323,46.8904,0.1,2744.825,648.995
p849,n300,n746,54.1184,0.15,2736.45,1039.2549999999999
p850,n746,n747,45.9944,0.15,2762.355,996.9849999999999
p851,n747,n748,40.1418,0.15,2780.44,957.93
p852,n748,n749,43.4813,0.15,2795.88,919.255
p853,n749,n319,42.9632,0.15,2806.675,877.44
p854,n302,n750,45.6712,0.1,2411.7349999999997,493.90999999999997
p855,n750,n310,65.9337,0.1,2444.6549999999997,464.395
p856,n305,n751,48.3722,0.1,2507.84,599.915
p857,n751,n752,48.3722,0.1,2556.1,596.625
p858,n752,n753,48.3856,0.1,2604.365,593.34
p859,n753,n754,48.3722,0.1,2652.63,590.05
p860,n754,n755,48.3722,0.1,2700.8900000000003,586.755
p861,n755,n324,48.3722,0.1,2749.15,583.465
p862,n306,n756,45.1285,0.1,2503.15,544.7249999999999
p863,n756,n757,45.1285,0.1,2548.19,541.895
p864,n757,n318,45.1285,0.1,2593.23,539.065
p865,n307,n758,38.2356,0.1,2689.265,881.005
p866,n758,n311,38.2439,0.1,2691.8199999999997,842.8499999999999
p867,n309,n759,39.8072,0.1,2498.3900000000003,497.81
p868,n759,n315,39.7938,0.1,2538.105,495.185
p869,n312,n760,39.7973,0.1,2496.1800000000003,443.82
p870,n760,n317,39.7883,0.1,2535.84,440.61
p871,n313,n761,38.3261,0.2,2502.945,396.03
p872,n761,n321,38.3123,0.2,2541.23,397.615
p873,n315,n762,54.8114,0.1,2585.36,494.45
p874,n762,n318,42.729,0.1,2614.255,516.3399999999999
p875,n318,n763,55.4572,0.1,2643.355,535.02
p876,n763,n764,39.2767,0.1,2689.735,538.15
p877,n764,n325,64.3591,0.1,2740.32,539.035
p878,n319,n765,50.9385,0.15,2812.9,831.02
p879,n765,n766,50.944,0.15,2816.365,780.2
p880,n766,n767,50.9385,0.15,2819.835,729.38
p881,n767,n768,50.9523,0.15,2823.3,678.55
p882,n768,n769,50.9385,0.15,2826.7650000000003,627.72
p883,n769,n770,50.944,0.15,2830.2349999999997,576.9
p884,n770,n329,50.9385,0.15,2833.7,526.08
p885,n321,n771,54.9745,0.2,2587.55,394.305
p886,n771,n772,54.9838,0.2,2641.915,386.09000000000003
p887,n772,n773,54.9709,0.2,2696.2749999999996,377.875
p888,n773,n330,54.9745,0.2,2750.63,369.66499999999996
p889,n329,n774,45.2004,0.15,2831.795,478.36
p890,n774,n331,45.2004,0.15,2824.5249999999996,433.745
p891,n330,n775,30.9899,0.2,2793.3,365.125
p892,n775,n331,48.2921,0.2,2814.84,388.065
p893,n335,n776,46.2032,0.2,1377.0700000000002,917.5550000000001
p894,n776,n340,46.2132,0.2,1335.305,937.325
p895,n338,n777,52.9065,0.1,1541.4450000000002,758.6199999999999
p896,n777,n339,52.9065,0.1,1580.5700000000002,723.005
p897,n338,n778,42.8355,0.15,1504.525,788.98
p898,n778,n779,42.8345,0.15,1469.815,814.0799999999999
p899,n779,n342,42.8355,0.15,1435.1100000000001,839.185
p900,n338,n780,37.3436,0.1,1504.8600000000001,768.75
p901,n780,n781,46.9972,0.1,1464.3600000000001,762.0350000000001
p902,n781,n341,49.524,0.1,1416.12,762.89
p903,n341,n782,46.3969,0.1,1397.96,785.02
p904,n782,n342,46.3969,0.1,1411.1599999999999,829.5
p905,n46,n47,8.9282,0.1,572.88,1212.08
