pipe,start,end,length_m,zone,start_x,start_y,end_x,end_y,diameter_mm
p1,n62,n61,26.9292,9,724.95,1097.08,725.87,1121.15,200.0
p2,n66,n64,14.3481,9,722.29,1043.96,722.95,1058.3,150.0
p3,n86,n90,50.1267,7,1161.0,1063.44,1190.11,1028.08,200.0
p4,n71,n70,29.2259,9,745.58,918.67,716.36,917.96,100.0
p5,n3,n2,23.7879,11,271.28,1480.96,274.23,1504.56,100.0
p6,n12,n14,31.2114,11,271.09,1281.28,302.24,1279.26,100.0
p7,n6,n9,43.3995,11,261.33,1361.98,256.54,1318.85,100.0
p8,n22,n30,53.0045,11,525.83,1490.19,575.55,1471.84,100.0
p9,n67,n66,53.1261,9,719.53,990.91,722.29,1043.96,150.0
p10,n46,n48,62.6501,9,574.86,1216.08,617.95,1261.56,100.0
p11,n7,n10,68.3713,11,369.97,1543.26,361.45,1475.42,100.0
p12,n9,n4,70.3494,11,256.54,1318.85,186.62,1326.65,100.0
p13,n31,n27,49.4422,2,361.51,1100.77,378.84,1136.18,100.0
p14,n14,n16,34.2032,11,302.24,1279.26,336.37,1277.06,100.0
p15,n15,n16,72.2253,11,344.84,1347.41,336.37,1277.06,100.0
p16,n16,n18,50.1237,11,336.37,1277.06,331.16,1227.21,100.0
p17,n18,n20,54.2489,2,331.16,1227.21,325.78,1173.23,100.0
p18,n18,n24,65.191,2,331.16,1227.21,393.3,1207.5,100.0
p19,n21,n25,56.4633,2,181.22,914.67,195.95,860.16,100.0
p20,n26,n28,29.6436,2,309.66,1037.48,305.94,1008.07,100.0
p21,n27,n34,47.7731,2,378.84,1136.18,423.91,1120.35,100.0
p22,n28,n33,43.8692,2,305.94,1008.07,300.29,964.57,100.0
p23,n29,n32,18.6286,11,482.97,1314.28,478.09,1296.3,100.0
p24,n32,n36,50.1077,11,478.09,1296.3,525.89,1281.28,100.0
p25,n33,n35,72.5123,2,300.29,964.57,292.4,892.5,100.0
p26,n34,n37,60.0953,2,423.91,1120.35,405.03,1063.3,100.0
p27,n35,n38,38.7224,2,292.4,892.5,288.82,853.94,100.0
p28,n36,n41,42.5986,11,525.89,1281.28,566.53,1268.51,100.0
p29,n37,n45,63.0851,2,405.03,1063.3,460.34,1032.96,100.0
p30,n37,n39,49.6992,2,405.03,1063.3,389.45,1016.1,100.0
p31,n40,n42,48.2914,2,370.29,938.65,403.76,973.45,100.0
p32,n42,n43,41.6678,2,403.76,973.45,432.65,1003.48,100.0
p33,n43,n45,40.4763,2,432.65,1003.48,460.34,1032.96,100.0
p34,n50,n55,59.8532,9,727.0,1399.94,777.67,1368.09,100.0
p35,n51,n53,43.4704,2,445.94,892.44,444.76,848.99,100.0
p36,n52,n56,54.7204,2,512.28,995.79,566.99,994.58,150.0
p37,n54,n57,70.2049,9,621.8,1124.08,609.29,1055.0,100.0
p38,n60,n61,9.2891,9,716.93,1123.7,725.87,1121.15,100.0
p39,n61,n65,36.1551,9,725.87,1121.15,760.67,1111.34,200.0
p40,n62,n64,38.8374,9,724.95,1097.08,722.95,1058.3,150.0
p41,n63,n65,31.0239,9,761.12,1142.36,760.67,1111.34,100.0
p42,n72,n73,21.0441,9,855.04,1060.67,856.14,1039.65,100.0
p43,n73,n74,23.5016,9,856.14,1039.65,857.37,1016.18,100.0
p44,n74,n76,67.8761,9,857.37,1016.18,861.89,948.46,100.0
p45,n76,n78,70.0781,7,861.89,948.46,866.29,878.52,100.0
p46,n77,n79,25.3446,7,954.16,1031.85,946.9,1007.57,100.0
p47,n78,n80,47.5553,7,866.29,878.52,869.08,831.04,100.0
p48,n79,n81,53.1109,7,946.9,1007.57,943.91,956.0,100.0
p49,n85,n86,24.2068,7,1142.52,1079.08,1161.0,1063.44,200.0
p50,n89,n91,50.8867,7,1097.78,876.0,1140.09,898.21,100.0
p51,n91,n92,24.2356,7,1140.09,898.21,1163.25,905.36,100.0
p52,n91,n88,47.5179,7,1140.09,898.21,1126.66,943.79,100.0
p53,n238,n235,27.4204,1,1925.46,770.1,1898.19,772.99,100.0
p54,n278,n279,12.2248,1,2196.79,519.11,2196.9,506.88,100.0
p55,n267,n269,33.1081,1,2167.05,677.06,2200.09,674.83,100.0
p56,n310,n312,12.2948,6,2476.94,457.71,2476.35,445.43,100.0
p57,n218,n219,51.5234,5,1562.62,897.08,1558.86,845.7,150.0
p58,n277,n278,16.8101,1,2197.04,535.91,2196.79,519.11,100.0
p59,n268,n273,57.0476,1,2141.65,606.4,2198.62,603.33,100.0
p60,n309,n308,19.5812,6,2478.53,499.12,2479.41,518.68,100.0
p61,n280,n286,54.3635,12,2371.48,789.98,2425.74,786.58,100.0
p62,n275,n280,37.5392,12,2334.02,792.33,2371.48,789.98,100.0
p63,n280,n283,65.7292,12,2371.48,789.98,2367.0,724.4,100.0
p64,n293,n294,6.6814,6,2405.76,668.93,2412.43,668.54,100.0
p65,n287,n291,30.0446,12,2538.56,967.69,2541.76,937.82,100.0
p66,n245,n240,42.5781,1,2046.96,894.6,2004.39,894.55,100.0
p67,n250,n249,5.017,1,2103.63,889.65,2103.47,894.66,100.0
p68,n258,n259,10.1846,1,2055.01,692.25,2055.32,682.07,100.0
p69,n314,n316,22.3779,12,2750.64,847.75,2754.25,825.67,100.0
p70,n302,n297,47.7865,6,2411.1,516.74,2363.37,519.2,100.0
p71,n328,n327,22.9926,6,2769.11,427.91,2747.2,434.88,100.0
p72,n242,n246,43.0228,5,1768.52,456.83,1771.99,413.95,150.0
p73,n236,n242,42.5596,5,1765.63,499.29,1768.52,456.83,150.0
p74,n233,n236,57.4031,5,1754.99,555.7,1765.63,499.29,150.0
p75,n231,n233,22.0221,5,1746.95,576.21,1754.99,555.7,150.0
p76,n227,n231,38.0635,5,1732.87,611.57,1746.95,576.21,150.0
p77,n302,n301,5.4292,6,2411.1,516.74,2411.41,522.16,63.0
p78,n254,n253,9.2131,1,1848.77,391.16,1847.97,400.33,63.0
p79,n222,n221,4.5125,5,1641.48,840.68,1641.78,845.18,150.0
p80,n235,n239,55.3305,1,1898.19,772.99,1895.25,717.74,100.0
p81,n126,n121,60.0801,8,203.17,77.03,194.1,136.42,75.0
p82,n121,n118,15.9998,8,194.1,136.42,182.34,147.27,100.0
p83,n177,n175,13.3385,4,796.45,254.0,783.83,249.68,100.0
p84,n162,n159,22.9046,7,934.43,751.2,912.7,758.45,100.0
p85,n193,n190,16.4364,3,1088.53,487.69,1072.1,487.17,100.0
p86,n150,n153,23.6026,4,779.88,662.72,803.43,664.31,63.0
p87,n156,n157,38.8514,4,682.2,421.82,713.2,445.23,150.0
p88,n168,n171,22.9683,4,872.72,528.28,893.49,538.09,150.0
p89,n141,n133,65.8594,4,686.52,649.74,623.81,629.64,150.0
p90,n122,n120,18.0551,10,441.66,560.52,424.38,555.28,150.0
p91,n145,n146,5.3428,4,698.87,585.63,699.42,580.32,150.0
p92,n109,n107,7.0501,10,314.52,498.03,314.25,505.08,160.0
p93,n189,n188,19.7515,4,956.08,289.28,936.66,285.66,160.0
p94,n194,n193,19.3019,3,1107.83,487.78,1088.53,487.69,100.0
p95,n94,n97,51.7831,10,280.55,763.35,331.42,760.19,100.0
p96,n96,n99,63.2939,10,215.29,564.74,208.68,502.81,100.0
p97,n99,n102,66.9802,10,208.68,502.81,275.55,502.64,100.0
p98,n101,n103,22.7331,10,290.47,557.11,313.2,556.67,100.0
p99,n102,n106,60.7132,10,275.55,502.64,274.45,441.94,100.0
p100,n102,n107,39.3009,10,275.55,502.64,314.25,505.08,100.0
p101,n103,n107,51.6094,10,313.2,556.67,314.25,505.08,160.0
p102,n104,n114,69.3344,8,171.01,279.19,240.32,280.96,100.0
p103,n104,n108,47.1926,8,171.01,279.19,163.99,239.76,100.0
p104,n105,n113,52.1526,10,332.64,554.96,384.78,555.06,150.0
p105,n110,n115,50.1743,10,415.72,658.53,465.63,663.63,100.0
p106,n110,n112,20.2696,10,415.72,658.53,417.4,638.33,100.0
p107,n113,n120,39.6039,10,384.78,555.06,424.38,555.28,150.0
p108,n114,n116,17.9183,8,240.32,280.96,256.48,288.69,100.0
p109,n114,n119,25.9671,8,240.32,280.96,246.15,255.65,100.0
p110,n115,n111,69.0704,10,465.63,663.63,458.67,732.35,200.0
p111,n116,n125,67.3462,8,256.48,288.69,323.81,290.36,100.0
p112,n127,n131,42.3661,8,270.57,166.58,283.28,126.16,63.0
p113,n134,n137,59.1164,8,382.8,206.77,430.85,241.21,150.0
p114,n136,n147,73.5155,8,513.76,388.27,556.44,328.41,100.0
p115,n138,n143,59.6311,4,601.12,532.38,635.34,483.62,100.0
p116,n139,n135,35.1911,8,373.51,131.03,362.92,164.59,100.0
p117,n140,n144,60.9268,7,768.02,804.56,827.24,810.58,100.0
p118,n141,n145,65.2915,4,686.52,649.74,698.87,585.63,150.0
p119,n144,n155,58.0354,7,827.24,810.58,877.85,782.22,100.0
p120,n146,n149,46.7217,4,699.42,580.32,704.16,533.84,150.0
p121,n147,n148,39.1766,4,556.44,328.41,588.0,351.62,150.0
p122,n148,n151,37.0322,4,588.0,351.62,617.83,373.57,150.0
p123,n155,n159,44.4612,7,877.85,782.22,912.7,758.45,100.0
p124,n157,n160,50.3933,4,713.2,445.23,756.81,470.46,150.0
p125,n160,n164,49.2863,4,756.81,470.46,800.83,492.62,150.0
p126,n161,n163,35.6826,4,843.12,600.12,869.24,622.9,100.0
p127,n162,n169,61.3236,7,934.43,751.2,993.5,734.78,100.0
p128,n166,n168,15.6697,4,858.56,521.58,872.72,528.28,150.0
p129,n167,n170,21.5927,4,920.7,627.75,942.22,629.54,100.0
p130,n169,n176,74.8142,7,993.5,734.78,1067.85,732.35,100.0
p131,n170,n174,64.0853,4,942.22,629.54,953.71,566.54,100.0
p132,n171,n173,39.144,4,893.49,538.09,928.9,554.77,150.0
p133,n172,n175,52.9645,4,733.72,232.53,783.83,249.68,100.0
p134,n173,n174,27.4612,4,928.9,554.77,953.71,566.54,150.0
p135,n177,n179,40.5201,4,796.45,254.0,835.46,264.94,100.0
p136,n178,n180,34.5469,3,1003.16,589.53,1034.08,604.93,100.0
p137,n183,n185,36.7448,4,866.5,274.35,898.57,277.14,160.0
p138,n180,n186,59.382,3,1034.08,604.93,1090.25,587.4,100.0
p139,n180,n181,33.9307,3,1034.08,604.93,1056.46,630.41,100.0
p140,n186,n192,47.4653,3,1090.25,587.4,1137.55,583.51,100.0
p141,n189,n195,70.2576,4,956.08,289.28,1025.24,301.64,160.0
p142,n192,n196,55.1296,3,1137.55,583.51,1192.63,581.02,100.0
p143,n197,n199,72.4956,3,1113.87,317.46,1185.25,330.18,160.0
p144,n201,n202,28.0628,5,1506.54,582.04,1508.93,554.08,100.0
p145,n205,n206,38.1162,5,1612.65,644.21,1636.63,668.44,100.0
p146,n205,n208,54.0342,5,1612.65,644.21,1629.01,592.81,100.0
p147,n217,n215,66.2774,5,1704.52,382.32,1638.34,378.76,100.0
p148,n209,n210,47.8699,5,1632.35,565.57,1636.29,517.86,100.0
p149,n209,n211,40.1662,5,1632.35,565.57,1672.42,568.34,100.0
p150,n210,n213,63.0672,5,1636.29,517.86,1699.15,522.98,100.0
p151,n212,n216,63.0563,5,1638.94,452.0,1701.69,458.21,100.0
p152,n212,n215,74.4208,5,1638.94,452.0,1638.34,378.76,100.0
p153,n221,n223,48.5425,5,1641.78,845.18,1690.26,842.71,100.0
p154,n223,n224,60.488,5,1690.26,842.71,1691.99,782.26,100.0
p155,n226,n227,23.4907,5,1712.94,623.74,1732.87,611.57,150.0
p156,n228,n232,60.668,1,1904.17,894.73,1901.18,834.14,100.0
p157,n231,n234,27.7914,5,1746.95,576.21,1774.41,580.5,100.0
p158,n232,n235,61.2183,1,1901.18,834.14,1898.19,772.99,100.0
p159,n233,n237,39.5957,5,1754.99,555.7,1793.43,546.2,100.0
p160,n236,n243,38.8919,5,1765.63,499.29,1797.82,479.88,100.0
p161,n239,n241,34.4356,1,1895.25,717.74,1893.1,683.37,100.0
p162,n242,n247,43.5216,5,1768.52,456.83,1805.93,436.45,100.0
p163,n244,n251,63.9285,1,1889.11,627.98,1952.82,622.69,150.0
p164,n248,n249,51.2817,1,2101.21,945.9,2103.47,894.66,100.0
p165,n250,n257,59.3324,1,2103.63,889.65,2162.96,890.35,100.0
p166,n252,n258,56.564,1,1998.45,693.21,2055.01,692.25,100.0
p167,n260,n256,23.5371,1,1930.12,446.34,1906.63,447.86,100.0
p168,n262,n267,49.0169,1,2118.18,680.81,2167.05,677.06,100.0
p169,n269,n273,71.5203,1,2200.09,674.83,2198.62,603.33,100.0
p170,n270,n276,67.6756,1,2093.38,482.16,2160.98,478.77,100.0
p171,n271,n274,49.2362,12,2393.77,985.03,2409.17,938.26,100.0
p172,n274,n281,55.4012,12,2409.17,938.26,2426.89,885.77,100.0
p173,n281,n282,53.2009,12,2426.89,885.77,2429.12,832.94,100.0
p174,n282,n286,46.4828,12,2429.12,832.94,2425.74,786.58,100.0
p175,n283,n289,41.9889,12,2367.0,724.4,2408.92,721.88,100.0
p176,n284,n293,58.7628,6,2347.17,665.86,2405.76,668.93,100.0
p177,n284,n290,72.2297,6,2347.17,665.86,2342.02,593.81,100.0
p178,n289,n293,53.0485,6,2408.92,721.88,2405.76,668.93,100.0
p179,n291,n292,19.8689,12,2541.76,937.82,2544.48,918.13,100.0
p180,n292,n295,34.2525,12,2544.48,918.13,2547.28,884.0,100.0
p181,n292,n296,32.9042,12,2544.48,918.13,2576.89,923.8,100.0
p182,n298,n300,37.7973,12,2682.87,1050.98,2719.49,1060.34,200.0
p183,n299,n305,62.7307,6,2487.38,664.19,2483.71,601.56,100.0
p184,n301,n308,68.0909,6,2411.41,522.16,2479.41,518.68,100.0
p185,n305,n306,55.5132,6,2483.71,601.56,2480.63,546.14,100.0
p186,n311,n316,61.1814,12,2693.1,823.77,2754.25,825.67,100.0
p187,n312,n313,54.0415,6,2476.35,445.43,2483.8,395.24,100.0
p188,n314,n319,61.1475,12,2750.64,847.75,2811.17,856.43,100.0
p189,n316,n320,55.1111,12,2754.25,825.67,2762.66,771.21,100.0
p190,n317,n321,40.8704,6,2555.67,439.01,2560.37,398.41,100.0
p191,n322,n323,54.231,6,2764.13,701.69,2768.23,647.61,100.0
p192,n325,n326,39.7874,6,2772.13,534.16,2763.89,495.26,100.0
p193,n326,n327,62.6495,6,2763.89,495.26,2747.2,434.88,100.0
p194,n328,n331,54.3392,6,2769.11,427.91,2820.89,411.44,100.0
p195,n246,n217,74.5207,5,1771.99,413.95,1704.52,382.32,100.0
p196,n95,n98,55.8465,10,226.16,644.61,281.88,640.91,100.0
p197,n122,n124,33.8464,10,441.66,560.52,474.04,570.36,150.0
p198,n130,n133,69.1173,10,557.63,609.69,623.81,629.64,150.0
p199,n137,n142,74.0429,8,430.85,241.21,491.67,283.43,150.0
p200,n154,n156,37.7536,4,652.08,399.06,682.2,421.82,150.0
p201,n163,n167,51.6878,4,869.24,622.9,920.7,627.75,100.0
p202,n164,n166,64.5793,4,800.83,492.62,858.56,521.58,150.0
p203,n174,n178,54.529,4,953.71,566.54,1003.16,589.53,150.0
p204,n179,n183,32.4311,4,835.46,264.94,866.5,274.35,100.0
p205,n181,n182,34.7762,7,1056.46,630.41,1077.3,658.25,100.0
p206,n185,n188,39.046,4,898.57,277.14,936.66,285.66,160.0
p207,n208,n209,27.4545,5,1629.01,592.81,1632.35,565.57,100.0
p208,n221,n220,69.3527,5,1641.78,845.18,1646.61,914.36,150.0
p209,n241,n244,55.53,1,1893.1,683.37,1889.11,627.98,100.0
p210,n245,n249,56.5037,1,2046.96,894.6,2103.47,894.66,100.0
p211,n251,n255,30.3174,1,1952.82,622.69,1982.68,617.48,150.0
p212,n260,n261,52.1305,1,1930.12,446.34,1925.52,395.4,100.0
p213,n263,n267,60.9402,1,2168.95,737.97,2167.05,677.06,100.0
p214,n264,n266,25.095,1,2080.64,583.4,2101.07,568.83,150.0
p215,n273,n277,67.4312,1,2198.62,603.33,2197.04,535.91,100.0
p216,n304,n307,42.8233,12,2673.29,940.08,2687.99,900.08,100.0
p217,n306,n308,27.4846,6,2480.63,546.14,2479.41,518.68,100.0
p218,n309,n310,41.4415,6,2478.53,499.12,2476.94,457.71,100.0
p219,n315,n317,54.9136,6,2557.96,493.87,2555.67,439.01,100.0
p220,n320,n322,69.6172,12,2762.66,771.21,2764.13,701.69,100.0
p221,n323,n324,65.9838,6,2768.23,647.61,2773.28,581.82,100.0
p222,n324,n325,47.8129,6,2773.28,581.82,2772.13,534.16,100.0
p223,n103,n105,19.5107,10,313.2,556.67,332.64,554.96,150.0
p224,n136,n334,35.8554,8,513.76,388.27,536.59,415.93,100.0
p225,n334,n333,40.9309,4,536.59,415.93,569.87,439.74,100.0
p226,n332,n143,37.6644,4,603.95,462.8,635.34,483.62,100.0
p228,n130,n128,46.7558,10,557.63,609.69,515.67,589.07,150.0
p229,n129,n69,59.6365,10,659.8,795.05,674.2,852.92,100.0
p230,n67,n70,73.0176,9,719.53,990.91,716.36,917.96,100.0
p231,n144,n80,46.5731,7,827.24,810.58,869.08,831.04,100.0
p232,n184,n191,74.298,7,1130.99,718.1,1204.59,707.94,100.0
p233,n152,n158,52.2341,8,520.55,183.11,571.03,196.53,100.0
p234,n124,n128,45.6381,10,474.04,570.36,515.67,589.07,150.0
p236,n210,n212,65.9148,5,1636.29,517.86,1638.94,452.0,100.0
p237,n341,n198,61.9464,5,1391.36,762.78,1395.96,701.0,100.0
p238,n151,n154,42.6918,4,617.83,373.57,652.08,399.06,150.0
p240,n343,n44,23.9926,2,548.48,1153.26,526.16,1162.06,200.0
p241,n5,n8,52.157,2,158.93,1233.34,162.65,1181.32,100.0
p242,n8,n11,62.8657,2,162.65,1181.32,167.14,1118.61,100.0
p243,n11,n13,58.9374,2,167.14,1118.61,170.68,1059.78,100.0
p244,n13,n17,72.0893,2,170.68,1059.78,177.12,987.98,100.0
p245,n17,n21,73.4228,2,177.12,987.98,181.22,914.67,100.0
p246,n10,n344,66.1972,11,361.45,1475.42,353.14,1409.75,100.0
p247,n344,n15,62.8912,11,353.14,1409.75,344.84,1347.41,100.0
p248,n24,n346,56.5717,2,393.3,1207.5,447.73,1192.11,100.0
p249,n345,n29,60.1765,11,424.85,1329.87,482.97,1314.28,100.0
p250,n19,n345,63.0229,11,439.91,1391.07,424.85,1329.87,100.0
p251,n23,n31,48.454,2,314.66,1113.15,361.51,1100.77,100.0
p252,n20,n23,61.1031,2,325.78,1173.23,314.66,1113.15,100.0
p253,n1,n347,68.097,11,138.22,1549.64,135.02,1617.66,100.0
p254,n347,n348,45.4723,11,135.02,1617.66,179.23,1607.01,100.0
p255,n348,n349,50.5431,11,179.23,1607.01,227.11,1590.82,100.0
p256,n349,n350,50.0042,11,227.11,1590.82,275.12,1576.83,100.0
p257,n350,n351,45.6975,11,275.12,1576.83,318.71,1563.11,100.0
p258,n351,n7,54.9718,11,318.71,1563.11,369.97,1543.26,100.0
p259,n2,n352,45.9778,11,274.23,1504.56,317.84,1489.99,100.0
p260,n352,n10,45.9758,11,317.84,1489.99,361.45,1475.42,100.0
p261,n3,n353,47.9576,11,271.28,1480.96,263.42,1433.65,100.0
p262,n353,n354,46.1673,11,263.42,1433.65,308.0,1421.64,100.0
p263,n354,n344,46.6814,11,308.0,1421.64,353.14,1409.75,100.0
p264,n5,n355,58.9057,2,158.93,1233.34,217.79,1235.65,100.0
p265,n355,n356,47.8409,2,217.79,1235.65,265.51,1239.01,100.0
p266,n356,n12,42.6386,11,265.51,1239.01,271.09,1281.28,100.0
p267,n6,n357,44.7387,11,261.33,1361.98,305.24,1353.42,100.0
p268,n357,n14,74.2158,11,305.24,1353.42,302.24,1279.26,100.0
p269,n7,n358,54.8852,11,369.97,1543.26,421.93,1525.57,100.0
p270,n358,n359,54.8734,11,421.93,1525.57,473.87,1507.88,100.0
p271,n359,n22,54.8852,11,473.87,1507.88,525.83,1490.19,100.0
p272,n8,n360,54.4422,2,162.65,1181.32,217.03,1178.62,100.0
p273,n360,n361,54.4379,2,217.03,1178.62,271.4,1175.93,100.0
p274,n361,n20,54.4422,2,271.4,1175.93,325.78,1173.23,100.0
p275,n10,n362,55.052,11,361.45,1475.42,413.65,1457.94,100.0
p276,n362,n363,42.0531,11,413.65,1457.94,452.68,1442.27,100.0
p277,n363,n19,52.7753,11,452.68,1442.27,439.91,1391.07,100.0
p278,n11,n364,49.2109,2,167.14,1118.61,216.32,1116.79,100.0
p279,n364,n365,49.202,2,216.32,1116.79,265.49,1114.97,100.0
p280,n365,n23,49.2109,2,265.49,1114.97,314.66,1113.15,100.0
p281,n13,n366,46.9238,2,170.68,1059.78,217.01,1052.35,100.0
p282,n366,n367,46.9108,2,217.01,1052.35,263.33,1044.91,100.0
p283,n367,n26,46.9238,2,263.33,1044.91,309.66,1037.48,100.0
p284,n15,n368,40.9555,11,344.84,1347.41,384.84,1338.64,100.0
p285,n368,n345,40.9555,11,384.84,1338.64,424.85,1329.87,100.0
p286,n17,n369,41.7936,2,177.12,987.98,218.18,980.17,100.0
p287,n369,n370,41.7842,2,218.18,980.17,259.23,972.37,100.0
p288,n370,n33,41.7936,2,259.23,972.37,300.29,964.57,100.0
p289,n19,n371,44.3754,11,439.91,1391.07,396.53,1400.41,100.0
p290,n371,n344,44.388,11,396.53,1400.41,353.14,1409.75,100.0
p291,n20,n372,52.1064,2,325.78,1173.23,377.56,1167.44,100.0
p292,n372,n27,31.2938,2,377.56,1167.44,378.84,1136.18,100.0
p293,n21,n373,56.6909,2,181.22,914.67,236.81,903.59,100.0
p294,n373,n35,56.6782,2,236.81,903.59,292.4,892.5,100.0
p295,n22,n374,45.2612,11,525.83,1490.19,515.11,1446.21,100.0
p296,n374,n375,45.2612,11,515.11,1446.21,504.4,1402.24,100.0
p297,n375,n376,45.2708,11,504.4,1402.24,493.68,1358.26,100.0
p298,n376,n29,45.2612,11,493.68,1358.26,482.97,1314.28,100.0
p299,n23,n377,37.911,2,314.66,1113.15,312.17,1075.32,100.0
p300,n377,n26,37.92,2,312.17,1075.32,309.66,1037.48,100.0
p301,n24,n378,42.1213,2,393.3,1207.5,403.81,1248.29,100.0
p302,n378,n379,42.1282,11,403.81,1248.29,414.34,1289.08,100.0
p303,n379,n345,42.1213,11,414.34,1289.08,424.85,1329.87,100.0
p304,n28,n380,51.8914,2,305.94,1008.07,354.86,990.76,100.0
p305,n380,n42,51.8798,2,354.86,990.76,403.76,973.45,100.0
p306,n30,n381,49.2268,11,575.55,1471.84,563.14,1424.2,100.0
p307,n381,n382,49.2364,11,563.14,1424.2,550.73,1376.56,100.0
p308,n382,n383,49.2241,11,550.73,1376.56,538.31,1328.92,100.0
p309,n383,n36,49.2364,11,538.31,1328.92,525.89,1281.28,100.0
p310,n32,n384,54.2583,11,478.09,1296.3,462.92,1244.21,100.0
p311,n384,n346,54.2656,2,462.92,1244.21,447.73,1192.11,100.0
p312,n34,n385,37.8059,2,423.91,1120.35,435.83,1156.23,100.0
p313,n385,n346,37.8079,2,435.83,1156.23,447.73,1192.11,100.0
p314,n38,n386,58.7666,2,288.82,853.94,329.56,896.3,100.0
p315,n386,n40,58.7569,2,329.56,896.3,370.29,938.65,100.0
p316,n44,n387,48.3058,2,526.16,1162.06,504.22,1119.03,200.0
p317,n387,n388,48.3053,2,504.22,1119.03,482.27,1075.99,200.0
p318,n388,n45,48.3058,2,482.27,1075.99,460.34,1032.96,200.0
p319,n44,n389,41.9903,2,526.16,1162.06,486.95,1177.09,100.0
p320,n389,n346,41.9919,2,486.95,1177.09,447.73,1192.11,100.0
p321,n47,n390,31.6244,9,570.9,1208.08,571.47,1176.46,100.0
p322,n390,n391,59.993,9,571.47,1176.46,626.09,1151.64,100.0
p323,n391,n392,48.7937,9,626.09,1151.64,672.85,1137.73,100.0
p324,n392,n60,46.2596,9,672.85,1137.73,716.93,1123.7,100.0
p325,n47,n393,50.5907,9,570.9,1208.08,621.49,1207.6,100.0
p326,n393,n394,50.5858,9,621.49,1207.6,672.07,1207.11,100.0
p327,n394,n395,50.5907,9,672.07,1207.11,722.66,1206.63,100.0
p328,n395,n396,50.5858,9,722.66,1206.63,773.24,1206.15,100.0
p329,n396,n397,50.582,9,773.24,1206.15,823.82,1205.67,100.0
p330,n397,n398,50.5858,9,823.82,1205.67,874.41,1205.19,100.0
p331,n398,n399,50.5907,9,874.41,1205.19,924.99,1204.71,100.0
p332,n399,n75,50.5858,9,924.99,1204.71,975.58,1204.22,100.0
p333,n48,n400,50.2578,9,617.95,1261.56,668.21,1260.96,100.0
p334,n400,n401,50.254,9,668.21,1260.96,718.46,1260.38,100.0
p335,n401,n59,50.2578,9,718.46,1260.38,768.71,1259.78,100.0
p336,n48,n402,44.39,9,617.95,1261.56,630.46,1304.15,100.0
p337,n402,n403,47.1041,9,630.46,1304.15,659.77,1341.02,100.0
p338,n403,n404,55.5457,9,659.77,1341.02,689.25,1388.1,100.0
p339,n404,n50,39.5692,9,689.25,1388.1,727.0,1399.94,100.0
p340,n49,n405,45.5401,2,519.13,1067.77,564.22,1061.39,100.0
p341,n405,n57,45.5271,9,564.22,1061.39,609.29,1055.0,100.0
p342,n51,n406,40.1571,2,445.94,892.44,486.07,891.14,100.0
p343,n406,n58,40.1436,2,486.07,891.14,526.2,889.83,100.0
p344,n52,n407,53.4351,2,512.28,995.79,519.24,942.81,100.0
p345,n407,n58,53.429,2,519.24,942.81,526.2,889.83,100.0
p346,n54,n408,53.3182,9,621.8,1124.08,673.38,1110.58,200.0
p347,n408,n62,53.3059,9,673.38,1110.58,724.95,1097.08,200.0
p348,n55,n409,54.3413,9,777.67,1368.09,773.19,1313.93,100.0
p349,n409,n59,54.3413,9,773.19,1313.93,768.71,1259.78,100.0
p350,n55,n410,56.1843,9,777.67,1368.09,820.52,1331.76,100.0
p351,n410,n411,56.1924,9,820.52,1331.76,863.39,1295.43,100.0
p352,n411,n68,56.1843,9,863.39,1295.43,906.24,1259.09,100.0
p353,n56,n412,50.8629,9,566.99,994.58,617.83,993.35,150.0
p354,n412,n413,50.8589,9,617.83,993.35,668.68,992.14,150.0
p355,n413,n67,50.8629,9,668.68,992.14,719.53,990.91,150.0
p356,n57,n414,56.7688,9,609.29,1055.0,665.79,1049.48,100.0
p357,n414,n66,56.7688,9,665.79,1049.48,722.29,1043.96,100.0
p358,n58,n415,56.9344,10,526.2,889.83,532.49,833.25,100.0
p359,n415,n117,56.9365,10,532.49,833.25,538.76,776.66,100.0
p360,n59,n416,45.8457,9,768.71,1259.78,814.56,1259.54,100.0
p361,n416,n417,45.842,9,814.56,1259.54,860.4,1259.32,100.0
p362,n417,n68,45.8457,9,860.4,1259.32,906.24,1259.09,100.0
p363,n62,n418,45.0275,9,724.95,1097.08,768.31,1084.95,150.0
p364,n418,n419,45.0372,9,768.31,1084.95,811.68,1072.8,150.0
p365,n419,n72,45.0275,9,811.68,1072.8,855.04,1060.67,150.0
p366,n63,n420,50.3755,9,761.12,1142.36,811.49,1142.14,100.0
p367,n420,n421,50.3705,9,811.49,1142.14,861.86,1141.9,100.0
p368,n421,n422,50.3755,9,861.86,1141.9,912.24,1141.67,100.0
p369,n422,n423,50.3668,9,912.24,1141.67,962.6,1141.45,100.0
p370,n423,n424,50.3705,9,962.6,1141.45,1012.97,1141.21,100.0
p371,n424,n82,50.3755,9,1012.97,1141.21,1063.35,1140.98,100.0
p372,n64,n425,44.8347,9,722.95,1058.3,767.35,1052.08,100.0
p373,n425,n426,44.8216,9,767.35,1052.08,811.74,1045.87,100.0
p374,n426,n73,44.8347,9,811.74,1045.87,856.14,1039.65,100.0
p375,n65,n427,48.2043,9,760.67,1111.34,807.97,1102.08,200.0
p376,n427,n428,48.0736,9,807.97,1102.08,854.26,1089.09,200.0
p377,n428,n429,51.7523,9,854.26,1089.09,904.62,1077.18,200.0
p378,n429,n430,47.3797,9,904.62,1077.18,951.61,1083.25,200.0
p379,n430,n431,47.2886,9,951.61,1083.25,998.83,1085.74,200.0
p380,n431,n432,48.3442,7,998.83,1085.74,1047.15,1084.17,200.0
p381,n432,n433,47.6579,7,1047.15,1084.17,1094.8,1083.12,200.0
p382,n433,n85,47.8974,7,1094.8,1083.12,1142.52,1079.08,200.0
p383,n68,n434,44.2086,9,906.24,1259.09,940.91,1231.66,100.0
p384,n434,n75,44.2101,9,940.91,1231.66,975.58,1204.22,100.0
p385,n69,n435,62.9855,9,674.2,852.92,670.66,915.81,100.0
p386,n435,n70,45.7475,9,670.66,915.81,716.36,917.96,100.0
p387,n72,n436,51.6169,9,855.04,1060.67,904.61,1046.25,150.0
p388,n436,n77,51.6072,9,904.61,1046.25,954.16,1031.85,150.0
p389,n74,n437,44.9696,9,857.37,1016.18,902.13,1011.87,100.0
p390,n437,n79,44.9696,7,902.13,1011.87,946.9,1007.57,100.0
p391,n75,n438,54.0942,9,975.58,1204.22,1019.47,1172.6,100.0
p392,n438,n82,54.0843,9,1019.47,1172.6,1063.35,1140.98,100.0
p393,n76,n439,41.1824,7,861.89,948.46,902.9,952.23,100.0
p394,n439,n81,41.1824,7,902.9,952.23,943.91,956.0,100.0
p395,n77,n440,44.8541,7,954.16,1031.85,997.91,1021.94,150.0
p396,n440,n441,44.8445,7,997.91,1021.94,1041.64,1012.03,150.0
p397,n441,n442,58.9926,7,1041.64,1012.03,1095.65,988.29,150.0
p398,n442,n87,33.7082,7,1095.65,988.29,1129.13,992.21,150.0
p399,n78,n443,49.187,7,866.29,878.52,913.87,891.0,100.0
p400,n443,n444,43.6626,7,913.87,891.0,956.94,898.18,100.0
p401,n444,n84,42.9463,7,956.94,898.18,954.19,855.32,100.0
p402,n80,n445,44.2564,7,869.08,831.04,911.64,843.18,100.0
p403,n445,n84,44.2494,7,911.64,843.18,954.19,855.32,100.0
p404,n81,n446,54.4589,7,943.91,956.0,996.98,943.75,100.0
p405,n446,n447,46.7165,7,996.98,943.75,1042.54,933.45,100.0
p406,n447,n448,49.8495,7,1042.54,933.45,1091.19,922.54,100.0
p407,n448,n89,47.0062,7,1091.19,922.54,1097.78,876.0,100.0
p408,n82,n449,50.2513,7,1063.35,1140.98,1102.94,1110.03,100.0
p409,n449,n85,50.2513,7,1102.94,1110.03,1142.52,1079.08,100.0
p410,n83,n450,49.2875,7,1042.5,1036.71,1091.7,1033.83,100.0
p411,n450,n451,49.2875,7,1091.7,1033.83,1140.9,1030.96,100.0
p412,n451,n90,49.2875,7,1140.9,1030.96,1190.11,1028.08,100.0
p413,n84,n452,49.8375,7,954.19,855.32,1001.38,871.34,100.0
p414,n452,n453,48.5855,7,1001.38,871.34,1049.92,869.1,100.0
p415,n453,n89,48.353,7,1049.92,869.1,1097.78,876.0,100.0
p416,n87,n454,49.4835,7,1129.13,992.21,1161.85,955.1,150.0
p417,n454,n455,49.4898,7,1161.85,955.1,1194.59,917.99,150.0
p418,n455,n456,49.4835,7,1194.59,917.99,1227.32,880.87,150.0
p419,n456,n457,49.4898,7,1227.32,880.87,1260.06,843.76,150.0
p420,n457,n93,49.4835,7,1260.06,843.76,1292.79,806.64,150.0
p421,n89,n458,42.3914,7,1097.78,876.0,1066.26,847.65,100.0
p422,n458,n459,47.8763,7,1066.26,847.65,1026.06,821.64,100.0
p423,n459,n460,38.7107,7,1026.06,821.64,1005.02,789.15,100.0
p424,n460,n169,55.5815,7,1005.02,789.15,993.5,734.78,100.0
p425,n90,n461,49.43,7,1190.11,1028.08,1231.54,1001.12,200.0
p426,n461,n462,49.4395,7,1231.54,1001.12,1272.98,974.17,200.0
p427,n462,n340,49.43,7,1272.98,974.17,1314.42,947.21,200.0
p428,n93,n463,46.1048,7,1292.79,806.64,1252.34,784.51,100.0
p429,n463,n464,46.1134,7,1252.34,784.51,1211.89,762.37,100.0
p430,n464,n465,46.11,7,1211.89,762.37,1171.44,740.24,100.0
p431,n465,n184,46.1134,7,1171.44,740.24,1130.99,718.1,100.0
p432,n93,n466,44.2888,7,1292.79,806.64,1334.44,821.68,150.0
p433,n466,n467,44.2811,5,1334.44,821.68,1376.1,836.7,150.0
p434,n467,n342,44.2888,5,1376.1,836.7,1417.76,851.74,150.0
p435,n94,n468,61.2158,10,280.55,763.35,281.22,702.13,100.0
p436,n468,n98,61.2244,10,281.22,702.13,281.88,640.91,100.0
p437,n94,n469,59.0415,10,280.55,763.35,223.12,777.03,100.0
p438,n469,n470,48.9692,10,223.12,777.03,224.62,728.08,100.0
p439,n470,n471,38.2847,10,224.62,728.08,218.8,690.24,100.0
p440,n471,n95,46.223,10,218.8,690.24,226.16,644.61,100.0
p441,n95,n472,40.3008,10,226.16,644.61,220.72,604.68,100.0
p442,n472,n96,40.3008,10,220.72,604.68,215.29,564.74,100.0
p443,n96,n473,37.7905,10,215.29,564.74,252.89,560.92,100.0
p444,n473,n101,37.7814,10,252.89,560.92,290.47,557.11,100.0
p445,n97,n474,58.8701,10,331.42,760.19,330.68,701.33,100.0
p446,n474,n100,58.8652,10,330.68,701.33,329.93,642.47,100.0
p447,n97,n475,66.1955,10,331.42,760.19,396.98,751.05,100.0
p448,n475,n476,46.3511,10,396.98,751.05,406.25,705.63,100.0
p449,n476,n110,48.0382,10,406.25,705.63,415.72,658.53,100.0
p450,n98,n477,42.1265,10,281.88,640.91,286.18,599.01,100.0
p451,n477,n101,42.1206,10,286.18,599.01,290.47,557.11,100.0
p452,n99,n478,45.3559,10,208.68,502.81,201.14,458.08,100.0
p453,n478,n479,45.3559,8,201.14,458.08,193.61,413.36,100.0
p454,n479,n480,45.3524,8,193.61,413.36,186.07,368.64,100.0
p455,n480,n481,45.3559,8,186.07,368.64,178.54,323.91,100.0
p456,n481,n104,45.3559,8,178.54,323.91,171.01,279.19,100.0
p457,n100,n482,43.7858,10,329.93,642.47,373.67,640.4,100.0
p458,n482,n112,43.7858,10,373.67,640.4,417.4,638.33,100.0
p459,n100,n483,43.7708,10,329.93,642.47,331.29,598.72,100.0
p460,n483,n105,43.7793,10,331.29,598.72,332.64,554.96,100.0
p461,n106,n484,39.4389,8,274.45,441.94,261.18,404.8,100.0
p462,n484,n485,48.8057,8,261.18,404.8,256.04,356.27,100.0
p463,n485,n116,67.5757,8,256.04,356.27,256.48,288.69,100.0
p464,n108,n486,47.1461,8,163.99,239.76,173.17,193.52,100.0
p465,n486,n118,47.1471,8,173.17,193.52,182.34,147.27,100.0
p466,n108,n487,41.838,8,163.99,239.76,205.07,247.71,100.0
p467,n487,n119,41.838,8,205.07,247.71,246.15,255.65,100.0
p468,n109,n488,51.9688,10,314.52,498.03,316.84,446.11,150.0
p469,n488,n489,51.9688,8,316.84,446.11,319.16,394.2,150.0
p470,n489,n490,51.9688,8,319.16,394.2,321.48,342.28,150.0
p471,n490,n125,51.9688,8,321.48,342.28,323.81,290.36,150.0
p472,n112,n491,41.677,10,417.4,638.33,420.9,596.8,100.0
p473,n491,n120,41.6713,10,420.9,596.8,424.38,555.28,100.0
p474,n113,n492,49.435,10,384.78,555.06,381.77,505.71,100.0
p475,n492,n493,49.4306,10,381.77,505.71,378.74,456.38,100.0
p476,n493,n123,49.435,8,378.74,456.38,375.73,407.03,100.0
p477,n115,n494,46.8209,10,465.63,663.63,469.84,617.0,200.0
p478,n494,n124,46.8291,10,469.84,617.0,474.04,570.36,200.0
p479,n115,n495,44.8971,10,465.63,663.63,490.66,626.35,100.0
p480,n495,n128,44.8925,10,490.66,626.35,515.67,589.07,100.0
p481,n117,n496,56.0035,10,538.76,776.66,545.05,721.01,100.0
p482,n496,n497,56.0175,10,545.05,721.01,551.34,665.34,100.0
p483,n497,n130,56.0035,10,551.34,665.34,557.63,609.69,100.0
p484,n117,n498,61.2154,10,538.76,776.66,599.28,785.86,100.0
p485,n498,n129,61.2092,10,599.28,785.86,659.8,795.05,100.0
p486,n119,n499,46.182,8,246.15,255.65,258.37,211.12,100.0
p487,n499,n127,46.1819,8,258.37,211.12,270.57,166.58,100.0
p488,n120,n500,50.5681,10,424.38,555.28,439.17,506.92,100.0
p489,n500,n501,45.738,10,439.17,506.92,462.11,467.35,100.0
p490,n501,n502,46.546,10,462.11,467.35,487.75,428.51,100.0
p491,n502,n136,47.9078,8,487.75,428.51,513.76,388.27,100.0
p492,n121,n503,41.1083,8,194.1,136.42,232.34,151.5,100.0
p493,n503,n127,41.0942,8,232.34,151.5,270.57,166.58,100.0
p494,n122,n504,57.655,10,441.66,560.52,473.3,512.33,100.0
p495,n504,n505,57.6639,10,473.3,512.33,504.95,464.12,100.0
p496,n505,n334,57.655,10,504.95,464.12,536.59,415.93,100.0
p497,n123,n506,44.4234,8,375.73,407.03,417.64,392.3,100.0
p498,n506,n132,63.4395,8,417.64,392.3,424.4,329.23,100.0
p499,n123,n507,50.0966,8,375.73,407.03,377.5,356.97,100.0
p500,n507,n508,50.0997,8,377.5,356.97,379.27,306.9,100.0
p501,n508,n509,50.0966,8,379.27,306.9,381.04,256.83,100.0
p502,n509,n134,50.0997,8,381.04,256.83,382.8,206.77,100.0
p503,n124,n510,53.9955,10,474.04,570.36,505.99,526.82,100.0
p504,n510,n511,54.0087,10,505.99,526.82,537.93,483.28,100.0
p505,n511,n333,53.9955,10,537.93,483.28,569.87,439.74,100.0
p506,n125,n512,46.7221,8,323.81,290.36,326.11,243.7,150.0
p507,n512,n513,52.9434,8,326.11,243.7,333.63,191.29,150.0
p508,n513,n134,51.5535,8,333.63,191.29,382.8,206.77,150.0
p509,n126,n514,44.671,8,203.17,77.03,245.75,90.53,100.0
p510,n514,n515,44.6784,8,245.75,90.53,288.34,104.03,100.0
p511,n515,n516,44.671,8,288.34,104.03,330.92,117.53,100.0
p512,n516,n139,44.671,8,330.92,117.53,373.51,131.03,100.0
p513,n128,n517,51.3582,10,515.67,589.07,545.09,546.98,100.0
p514,n517,n518,51.354,10,545.09,546.98,574.52,504.9,100.0
p515,n518,n332,51.3582,4,574.52,504.9,603.95,462.8,100.0
p516,n129,n519,54.3225,10,659.8,795.05,713.91,799.8,100.0
p517,n519,n140,54.3143,7,713.91,799.8,768.02,804.56,100.0
p518,n129,n520,49.2445,10,659.8,795.05,668.7,746.62,100.0
p519,n520,n521,49.2586,10,668.7,746.62,677.62,698.18,100.0
p520,n521,n141,49.2445,4,677.62,698.18,686.52,649.74,100.0
p521,n130,n522,44.3503,10,557.63,609.69,579.38,571.04,100.0
p522,n522,n138,44.3554,10,579.38,571.04,601.12,532.38,100.0
p523,n132,n523,44.1281,8,424.4,329.23,427.62,285.22,100.0
p524,n523,n137,44.1281,8,427.62,285.22,430.85,241.21,100.0
p525,n132,n524,53.5583,8,424.4,329.23,469.08,358.75,100.0
p526,n524,n136,53.5538,8,469.08,358.75,513.76,388.27,100.0
p527,n138,n525,55.6634,4,601.12,532.38,650.0,559.01,100.0
p528,n525,n145,55.6496,4,650.0,559.01,698.87,585.63,100.0
p529,n139,n526,51.9983,8,373.51,131.03,422.52,148.38,100.0
p530,n526,n527,51.9994,8,422.52,148.38,471.54,165.75,100.0
p531,n527,n152,51.9983,8,471.54,165.75,520.55,183.11,100.0
p532,n140,n528,47.4437,7,768.02,804.56,771.97,757.28,100.0
p533,n528,n529,47.4412,4,771.97,757.28,775.93,710.0,100.0
p534,n529,n150,47.4437,4,775.93,710.0,779.88,662.72,100.0
p535,n142,n530,52.2005,8,491.67,283.43,506.12,233.27,100.0
p536,n530,n152,52.1933,8,506.12,233.27,520.55,183.11,100.0
p537,n142,n531,39.4283,8,491.67,283.43,524.06,305.92,150.0
p538,n531,n147,39.4283,8,524.06,305.92,556.44,328.41,150.0
p539,n143,n532,42.5989,4,635.34,483.62,669.76,508.72,100.0
p540,n532,n149,42.5948,4,669.76,508.72,704.16,533.84,100.0
p541,n143,n533,38.7756,4,635.34,483.62,658.77,452.72,100.0
p542,n533,n156,38.7795,4,658.77,452.72,682.2,421.82,100.0
p543,n144,n534,52.7663,7,827.24,810.58,831.22,757.96,100.0
p544,n534,n535,52.9968,7,831.22,757.96,831.65,704.97,100.0
p545,n535,n536,50.5571,4,831.65,704.97,829.95,654.44,100.0
p546,n536,n161,55.8986,4,829.95,654.44,843.12,600.12,100.0
p547,n146,n537,57.5883,4,699.42,580.32,739.65,621.52,100.0
p548,n537,n150,57.5883,4,739.65,621.52,779.88,662.72,100.0
p549,n148,n538,41.1662,4,588.0,351.62,562.29,383.77,100.0
p550,n538,n334,41.1662,4,562.29,383.77,536.59,415.93,100.0
p551,n149,n539,44.5293,4,704.16,533.84,708.69,489.54,150.0
p552,n539,n157,44.5315,4,708.69,489.54,713.2,445.23,150.0
p553,n151,n540,40.8647,4,617.83,373.57,593.86,406.66,100.0
p554,n540,n333,40.8606,4,593.86,406.66,569.87,439.74,100.0
p555,n154,n541,39.9307,4,652.08,399.06,628.02,430.93,100.0
p556,n541,n332,39.9399,4,628.02,430.93,603.95,462.8,100.0
p557,n155,n542,53.1881,7,877.85,782.22,874.98,729.11,100.0
p558,n542,n543,53.1746,7,874.98,729.11,872.11,676.01,100.0
p559,n543,n163,53.1881,4,872.11,676.01,869.24,622.9,100.0
p560,n157,n544,52.2754,4,713.2,445.23,716.34,393.05,100.0
p561,n544,n165,52.2783,4,716.34,393.05,719.47,340.87,100.0
p562,n158,n545,38.372,8,571.03,196.53,569.39,234.87,100.0
p563,n545,n546,36.8009,8,569.39,234.87,590.31,265.14,100.0
p564,n546,n547,46.4672,8,590.31,265.14,587.32,311.51,100.0
p565,n547,n548,56.091,4,587.32,311.51,641.12,327.38,100.0
p566,n548,n165,79.5058,4,641.12,327.38,719.47,340.87,100.0
p567,n158,n549,55.5403,8,571.03,196.53,625.26,208.53,100.0
p568,n549,n550,55.5409,4,625.26,208.53,679.49,220.52,100.0
p569,n550,n172,55.5403,4,679.49,220.52,733.72,232.53,100.0
p570,n159,n551,43.6496,7,912.7,758.45,915.36,714.88,100.0
p571,n551,n552,43.6468,7,915.36,714.88,918.04,671.32,100.0
p572,n552,n167,43.6496,7,918.04,671.32,920.7,627.75,100.0
p573,n160,n553,55.0151,4,756.81,470.46,766.72,416.35,100.0
p574,n553,n554,55.0151,4,766.72,416.35,776.63,362.23,100.0
p575,n554,n555,55.0151,4,776.63,362.23,786.54,308.12,100.0
p576,n555,n177,55.0151,4,786.54,308.12,796.45,254.0,100.0
p577,n161,n556,38.8471,4,843.12,600.12,857.92,564.2,100.0
p578,n556,n168,38.8453,4,857.92,564.2,872.72,528.28,100.0
p579,n162,n557,60.9532,7,934.43,751.2,938.32,690.38,100.0
p580,n557,n170,60.9616,7,938.32,690.38,942.22,629.54,100.0
p581,n164,n558,46.0603,4,800.83,492.62,807.76,447.08,100.0
p582,n558,n559,46.0541,4,807.76,447.08,814.69,401.55,100.0
p583,n559,n560,46.0681,4,814.69,401.55,821.61,356.01,100.0
p584,n560,n561,46.0541,4,821.61,356.01,828.53,310.47,100.0
p585,n561,n179,46.0603,4,828.53,310.47,835.46,264.94,100.0
p586,n165,n562,54.6393,4,719.47,340.87,726.6,286.7,100.0
p587,n562,n172,54.6332,4,726.6,286.7,733.72,232.53,100.0
p588,n166,n563,49.5382,4,858.56,521.58,866.55,472.69,100.0
p589,n563,n564,49.5368,4,866.55,472.69,874.56,423.8,100.0
p590,n564,n565,49.5382,4,874.56,423.8,882.56,374.91,100.0
p591,n565,n566,49.5368,4,882.56,374.91,890.57,326.03,100.0
p592,n566,n185,49.5382,4,890.57,326.03,898.57,277.14,100.0
p593,n169,n567,48.5253,7,993.5,734.78,996.72,686.36,100.0
p594,n567,n568,48.5197,7,996.72,686.36,999.93,637.95,100.0
p595,n568,n178,48.5253,7,999.93,637.95,1003.16,589.53,100.0
p596,n171,n569,51.2225,4,893.49,538.09,902.12,487.6,100.0
p597,n569,n570,51.2148,4,902.12,487.6,910.75,437.12,100.0
p598,n570,n571,51.2289,4,910.75,437.12,919.39,386.63,100.0
p599,n571,n572,51.2148,4,919.39,386.63,928.03,336.15,100.0
p600,n572,n188,51.2225,4,928.03,336.15,936.66,285.66,100.0
p601,n173,n573,53.3805,4,928.9,554.77,934.34,501.67,100.0
p602,n573,n574,53.3666,4,934.34,501.67,939.77,448.58,100.0
p603,n574,n575,53.3805,4,939.77,448.58,945.21,395.48,100.0
p604,n575,n576,53.3666,4,945.21,395.48,950.64,342.39,100.0
p605,n576,n189,53.3805,4,950.64,342.39,956.08,289.28,100.0
p606,n176,n577,54.7828,7,1067.85,732.35,1054.81,679.14,100.0
p607,n577,n181,48.7504,7,1054.81,679.14,1056.46,630.41,100.0
p608,n176,n578,32.3629,7,1067.85,732.35,1099.42,725.23,100.0
p609,n578,n184,32.3599,7,1099.42,725.23,1130.99,718.1,100.0
p610,n182,n579,40.204,7,1077.3,658.25,1104.15,688.18,100.0
p611,n579,n184,40.1921,7,1104.15,688.18,1130.99,718.1,100.0
p612,n186,n580,49.861,3,1090.25,587.4,1089.4,537.54,100.0
p613,n580,n193,49.8649,3,1089.4,537.54,1088.53,487.69,100.0
p614,n187,n581,49.9509,3,1011.43,450.85,1016.04,401.12,100.0
p615,n581,n582,49.9533,3,1016.04,401.12,1020.63,351.38,100.0
p616,n582,n195,49.9509,3,1020.63,351.38,1025.24,301.64,100.0
p617,n191,n583,46.4205,3,1204.59,707.94,1250.78,703.35,100.0
p618,n583,n584,52.3405,3,1250.78,703.35,1302.89,698.44,100.0
p619,n584,n585,45.92,3,1302.89,698.44,1348.76,700.57,100.0
p620,n585,n198,47.1995,3,1348.76,700.57,1395.96,701.0,100.0
p621,n191,n586,42.492,3,1204.59,707.94,1200.6,665.63,100.0
p622,n586,n587,42.492,3,1200.6,665.63,1196.61,623.33,100.0
p623,n587,n196,42.492,3,1196.61,623.33,1192.63,581.02,100.0
p624,n192,n588,51.4257,3,1137.55,583.51,1137.02,532.09,100.0
p625,n588,n194,53.0618,3,1137.02,532.09,1107.83,487.78,100.0
p626,n194,n589,56.8085,3,1107.83,487.78,1109.85,431.01,100.0
p627,n589,n590,56.8085,3,1109.85,431.01,1111.86,374.23,100.0
p628,n590,n197,56.8085,3,1111.86,374.23,1113.87,317.46,100.0
p629,n195,n591,45.0223,3,1025.24,301.64,1069.56,309.55,160.0
p630,n591,n197,45.0146,3,1069.56,309.55,1113.87,317.46,160.0
p631,n196,n592,50.1963,3,1192.63,581.02,1191.15,530.85,100.0
p632,n592,n593,50.1828,3,1191.15,530.85,1189.67,480.69,100.0
p633,n593,n594,50.1963,3,1189.67,480.69,1188.2,430.51,100.0
p634,n594,n595,50.1828,3,1188.2,430.51,1186.72,380.35,100.0
p635,n595,n199,50.1963,3,1186.72,380.35,1185.25,330.18,100.0
p636,n196,n596,51.8426,3,1192.63,581.02,1244.42,578.71,100.0
p637,n596,n597,51.8561,3,1244.42,578.71,1296.22,576.4,100.0
p638,n597,n598,51.8426,3,1296.22,576.4,1348.01,574.08,100.0
p639,n598,n200,51.8426,3,1348.01,574.08,1399.8,571.76,100.0
p640,n198,n599,51.041,5,1395.96,701.0,1446.77,705.8,100.0
p641,n599,n600,44.9201,5,1446.77,705.8,1491.26,699.57,100.0
p642,n600,n601,48.6103,5,1491.26,699.57,1534.31,677.0,100.0
p643,n601,n203,47.8073,5,1534.31,677.0,1563.84,639.4,100.0
p644,n198,n602,43.1012,5,1395.96,701.0,1397.24,657.92,100.0
p645,n602,n603,43.0927,3,1397.24,657.92,1398.52,614.85,100.0
p646,n603,n200,43.1012,3,1398.52,614.85,1399.8,571.76,100.0
p647,n199,n604,44.7849,3,1185.25,330.18,1229.78,334.88,160.0
p648,n604,n605,44.793,3,1229.78,334.88,1274.33,339.58,160.0
p649,n605,n606,44.7849,3,1274.33,339.58,1318.87,344.28,160.0
p650,n606,n607,44.793,3,1318.87,344.28,1363.41,348.97,160.0
p651,n607,n204,44.7849,3,1363.41,348.97,1407.95,353.67,160.0
p652,n199,n608,42.2564,3,1185.25,330.18,1221.67,351.59,100.0
p653,n608,n609,56.3877,3,1221.67,351.59,1240.85,404.62,100.0
p654,n609,n610,55.6009,3,1240.85,404.62,1258.66,457.29,100.0
p655,n610,n611,48.57,3,1258.66,457.29,1282.94,499.35,100.0
p656,n611,n612,49.0932,3,1282.94,499.35,1329.98,513.41,100.0
p657,n612,n613,45.8613,3,1329.98,513.41,1369.15,537.26,100.0
p658,n613,n200,46.1546,3,1369.15,537.26,1399.8,571.76,100.0
p659,n200,n614,53.6192,3,1399.8,571.76,1453.18,576.91,100.0
p660,n614,n201,53.6134,5,1453.18,576.91,1506.54,582.04,100.0
p661,n200,n615,51.9074,3,1399.8,571.76,1400.09,519.86,100.0
p662,n615,n616,59.8917,3,1400.09,519.86,1398.72,459.98,100.0
p663,n616,n617,47.9481,3,1398.72,459.98,1398.51,412.03,100.0
p664,n617,n204,59.1206,3,1398.51,412.03,1407.95,353.67,100.0
p665,n201,n618,40.5355,5,1506.54,582.04,1535.19,610.72,100.0
p666,n618,n203,40.5355,5,1535.19,610.72,1563.84,639.4,100.0
p667,n202,n619,46.3,5,1508.93,554.08,1509.11,507.78,100.0
p668,n619,n620,46.3,5,1509.11,507.78,1509.28,461.48,100.0
p669,n620,n621,46.3086,3,1509.28,461.48,1509.45,415.17,100.0
p670,n621,n214,46.3,3,1509.45,415.17,1509.62,368.87,100.0
p671,n204,n622,51.4048,3,1407.95,353.67,1458.79,361.27,160.0
p672,n622,n214,51.397,3,1458.79,361.27,1509.62,368.87,160.0
p673,n206,n623,44.2209,5,1636.63,668.44,1674.79,646.09,100.0
p674,n623,n226,44.2109,5,1674.79,646.09,1712.94,623.74,100.0
p675,n207,n624,38.9176,5,1558.76,511.02,1597.52,514.45,100.0
p676,n624,n210,38.9119,5,1597.52,514.45,1636.29,517.86,100.0
p677,n208,n625,42.9908,5,1629.01,592.81,1586.15,589.44,100.0
p678,n625,n337,42.9908,5,1586.15,589.44,1543.29,586.07,100.0
p679,n211,n626,34.6872,5,1672.42,568.34,1706.96,571.61,100.0
p680,n626,n233,50.597,5,1706.96,571.61,1754.99,555.7,100.0
p681,n218,n627,42.8756,5,1562.62,897.08,1604.61,905.72,200.0
p682,n627,n220,42.8756,5,1604.61,905.72,1646.61,914.36,200.0
p683,n218,n628,55.0033,5,1562.62,897.08,1507.73,900.61,200.0
p684,n628,n629,55.0033,5,1507.73,900.61,1452.84,904.14,200.0
p685,n629,n335,55.0033,5,1452.84,904.14,1397.95,907.67,200.0
p686,n219,n630,41.3852,5,1558.86,845.7,1600.17,843.19,100.0
p687,n630,n222,41.3852,5,1600.17,843.19,1641.48,840.68,100.0
p688,n219,n631,39.2619,5,1558.86,845.7,1540.37,811.06,150.0
p689,n631,n338,39.2615,5,1540.37,811.06,1521.88,776.43,150.0
p690,n220,n632,49.8701,5,1646.61,914.36,1696.13,920.24,200.0
p691,n632,n633,49.8781,5,1696.13,920.24,1745.66,926.11,200.0
p692,n633,n634,49.8701,5,1745.66,926.11,1795.19,931.98,200.0
p693,n634,n635,49.8701,5,1795.19,931.98,1844.71,937.86,200.0
p694,n635,n636,49.8781,5,1844.71,937.86,1894.24,943.73,200.0
p695,n636,n230,49.8701,1,1894.24,943.73,1943.76,949.61,200.0
p696,n222,n637,39.021,5,1641.48,840.68,1639.5,801.7,150.0
p697,n637,n638,46.2162,5,1639.5,801.7,1633.64,755.86,150.0
p698,n638,n639,45.0813,5,1633.64,755.86,1653.87,715.57,150.0
p699,n639,n640,55.5188,5,1653.87,715.57,1701.44,686.96,150.0
p700,n640,n641,52.7013,5,1701.44,686.96,1752.66,674.56,150.0
p701,n641,n229,38.6951,5,1752.66,674.56,1757.58,636.18,150.0
p702,n223,n642,52.7766,5,1690.26,842.71,1742.99,840.56,100.0
p703,n642,n643,52.7766,5,1742.99,840.56,1795.73,838.42,100.0
p704,n643,n644,52.7677,5,1795.73,838.42,1848.45,836.28,100.0
p705,n644,n232,52.7766,1,1848.45,836.28,1901.18,834.14,100.0
p706,n223,n645,46.0095,5,1690.26,842.71,1693.12,888.63,100.0
p707,n645,n646,49.2161,5,1693.12,888.63,1742.2,892.35,100.0
p708,n646,n647,54.441,5,1742.2,892.35,1796.56,895.3,100.0
p709,n647,n648,51.5097,5,1796.56,895.3,1848.07,895.32,100.0
p710,n648,n228,56.1044,1,1848.07,895.32,1904.17,894.73,100.0
p711,n224,n649,51.6009,5,1691.99,782.26,1743.54,779.95,100.0
p712,n649,n650,51.6098,5,1743.54,779.95,1795.1,777.63,100.0
p713,n650,n651,51.5963,5,1795.1,777.63,1846.64,775.31,100.0
p714,n651,n235,51.6009,1,1846.64,775.31,1898.19,772.99,100.0
p715,n224,n652,42.111,5,1691.99,782.26,1694.43,740.22,100.0
p716,n652,n225,63.0104,5,1694.43,740.22,1757.1,733.69,100.0
p717,n225,n653,46.3567,5,1757.1,733.69,1803.15,728.38,100.0
p718,n653,n654,46.3567,5,1803.15,728.38,1849.2,723.06,100.0
p719,n654,n239,46.3567,1,1849.2,723.06,1895.25,717.74,100.0
p720,n225,n655,41.5854,5,1757.1,733.69,1755.94,692.12,100.0
p721,n655,n656,42.1769,5,1755.94,692.12,1798.11,691.81,100.0
p722,n656,n657,51.0216,5,1798.11,691.81,1849.13,690.97,100.0
p723,n657,n241,44.6217,1,1849.13,690.97,1893.1,683.37,100.0
p724,n228,n658,50.1102,1,1904.17,894.73,1954.28,894.64,100.0
p725,n658,n240,50.1052,1,1954.28,894.64,2004.39,894.55,100.0
p726,n230,n659,52.4974,1,1943.76,949.61,1996.25,948.37,200.0
p727,n659,n660,52.4974,1,1996.25,948.37,2048.73,947.13,200.0
p728,n660,n248,52.4974,1,2048.73,947.13,2101.21,945.9,200.0
p729,n240,n661,56.5261,1,2004.39,894.55,2008.51,838.17,100.0
p730,n661,n662,50.3384,1,2008.51,838.17,2010.38,787.87,100.0
p731,n662,n663,62.2137,1,2010.38,787.87,2011.09,725.66,100.0
p732,n663,n252,34.8226,1,2011.09,725.66,1998.45,693.21,100.0
p733,n245,n664,50.6261,1,2046.96,894.6,2048.98,844.01,100.0
p734,n664,n665,50.6292,1,2048.98,844.01,2050.98,793.42,100.0
p735,n665,n666,50.6261,1,2050.98,793.42,2053.0,742.84,100.0
p736,n666,n258,50.6292,1,2053.0,742.84,2055.01,692.25,100.0
p737,n246,n667,35.78,5,1771.99,413.95,1796.76,388.13,100.0
p738,n667,n254,52.1012,5,1796.76,388.13,1848.77,391.16,100.0
p739,n248,n668,49.1982,1,2101.21,945.9,2149.97,952.42,200.0
p740,n668,n669,50.9743,1,2149.97,952.42,2200.94,951.41,200.0
p741,n669,n670,46.6046,1,2200.94,951.41,2247.08,957.97,200.0
p742,n670,n671,47.2139,12,2247.08,957.97,2293.71,965.39,200.0
p743,n671,n672,51.2096,12,2293.71,965.39,2343.68,976.6,200.0
p744,n672,n271,50.8017,12,2343.68,976.6,2393.77,985.03,200.0
p745,n251,n673,44.4531,1,1952.82,622.69,1947.14,578.6,100.0
p746,n673,n674,44.4439,1,1947.14,578.6,1941.47,534.52,100.0
p747,n674,n675,44.4531,1,1941.47,534.52,1935.8,490.43,100.0
p748,n675,n260,44.4531,1,1935.8,490.43,1930.12,446.34,100.0
p749,n252,n676,38.6749,1,1998.45,693.21,1990.57,655.35,100.0
p750,n676,n255,38.6812,1,1990.57,655.35,1982.68,617.48,100.0
p751,n255,n677,51.8609,1,1982.68,617.48,2031.66,600.44,150.0
p752,n677,n264,51.8511,1,2031.66,600.44,2080.64,583.4,150.0
p753,n257,n678,57.3993,1,2162.96,890.35,2220.36,891.08,100.0
p754,n678,n265,57.3942,1,2220.36,891.08,2277.74,891.8,100.0
p755,n257,n679,50.8348,1,2162.96,890.35,2164.96,839.55,100.0
p756,n679,n680,50.8295,1,2164.96,839.55,2166.95,788.76,100.0
p757,n680,n263,50.8348,1,2166.95,788.76,2168.95,737.97,100.0
p758,n261,n681,50.3026,1,1925.52,395.4,1975.76,397.91,225.0
p759,n681,n682,50.2996,1,1975.76,397.91,2026.0,400.45,225.0
p760,n682,n272,50.3026,1,2026.0,400.45,2076.24,402.96,225.0
p761,n262,n683,56.7786,1,2118.18,680.81,2101.51,626.53,100.0
p762,n683,n264,47.9173,1,2101.51,626.53,2080.64,583.4,100.0
p763,n263,n684,49.6335,1,2168.95,737.97,2218.47,734.57,100.0
p764,n684,n685,49.6246,1,2218.47,734.57,2267.98,731.19,100.0
p765,n685,n686,49.6335,1,2267.98,731.19,2317.5,727.79,100.0
p766,n686,n283,49.6246,1,2317.5,727.79,2367.0,724.4,100.0
p767,n266,n687,43.5047,1,2101.07,568.83,2097.23,525.5,100.0
p768,n687,n270,43.5047,1,2097.23,525.5,2093.38,482.16,100.0
p769,n266,n688,53.9334,1,2101.07,568.83,2148.93,543.97,150.0
p770,n688,n278,53.9334,1,2148.93,543.97,2196.79,519.11,150.0
p771,n269,n689,49.122,1,2200.09,674.83,2249.12,671.84,100.0
p772,n689,n690,49.1175,1,2249.12,671.84,2298.14,668.85,100.0
p773,n690,n284,49.122,1,2298.14,668.85,2347.17,665.86,100.0
p774,n270,n691,40.5177,1,2093.38,482.16,2084.82,442.56,100.0
p775,n691,n272,40.5146,1,2084.82,442.56,2076.24,402.96,100.0
p776,n271,n692,49.4191,12,2393.77,985.03,2441.95,996.02,200.0
p777,n692,n693,49.4191,12,2441.95,996.02,2490.13,1007.01,200.0
p778,n693,n694,49.4264,12,2490.13,1007.01,2538.32,1018.0,200.0
p779,n694,n695,49.4191,12,2538.32,1018.0,2586.51,1028.99,200.0
p780,n695,n696,49.4191,12,2586.51,1028.99,2634.69,1039.98,200.0
p781,n696,n298,49.4191,12,2634.69,1039.98,2682.87,1050.98,200.0
p782,n272,n697,41.858,1,2076.24,402.96,2118.1,403.1,225.0
p783,n697,n698,41.8616,1,2118.1,403.1,2159.96,403.23,225.0
p784,n698,n285,41.858,1,2159.96,403.23,2201.82,403.37,225.0
p785,n273,n699,47.902,1,2198.62,603.33,2246.41,600.15,100.0
p786,n699,n700,47.9154,1,2246.41,600.15,2294.22,596.98,100.0
p787,n700,n290,47.902,1,2294.22,596.98,2342.02,593.81,100.0
p788,n274,n701,44.2335,12,2409.17,938.26,2452.31,948.07,100.0
p789,n701,n702,44.2262,12,2452.31,948.07,2495.43,957.88,100.0
p790,n702,n287,44.2335,12,2495.43,957.88,2538.56,967.69,100.0
p791,n277,n703,45.0892,1,2197.04,535.91,2242.12,535.04,100.0
p792,n703,n704,47.0074,1,2242.12,535.04,2288.94,530.9,100.0
p793,n704,n705,46.1225,1,2288.94,530.9,2335.04,529.47,100.0
p794,n705,n290,64.7194,6,2335.04,529.47,2342.02,593.81,100.0
p795,n279,n706,37.7147,1,2196.9,506.88,2231.84,492.67,100.0
p796,n706,n288,37.7034,1,2231.84,492.67,2266.76,478.46,100.0
p797,n279,n707,51.8136,1,2196.9,506.88,2199.37,455.13,100.0
p798,n707,n285,51.8166,1,2199.37,455.13,2201.82,403.37,100.0
p799,n281,n708,60.2072,12,2426.89,885.77,2487.09,884.88,100.0
p800,n708,n295,60.1985,12,2487.09,884.88,2547.28,884.0,100.0
p801,n282,n709,52.8283,12,2429.12,832.94,2481.92,831.1,100.0
p802,n709,n710,52.8283,12,2481.92,831.1,2534.72,829.27,100.0
p803,n710,n711,52.8194,12,2534.72,829.27,2587.5,827.44,100.0
p804,n711,n712,52.8283,12,2587.5,827.44,2640.3,825.61,100.0
p805,n712,n311,52.8283,12,2640.3,825.61,2693.1,823.77,100.0
p806,n285,n713,47.0206,1,2201.82,403.37,2248.82,402.02,225.0
p807,n713,n714,47.0158,1,2248.82,402.02,2295.81,400.66,225.0
p808,n714,n715,47.0206,6,2295.81,400.66,2342.81,399.31,225.0
p809,n715,n716,47.007,6,2342.81,399.31,2389.8,397.95,225.0
p810,n716,n717,47.0206,6,2389.8,397.95,2436.8,396.6,225.0
p811,n717,n313,47.0158,6,2436.8,396.6,2483.8,395.24,225.0
p812,n286,n718,48.1788,12,2425.74,786.58,2473.87,784.38,100.0
p813,n718,n719,48.1834,12,2473.87,784.38,2522.0,782.19,100.0
p814,n719,n720,48.1788,12,2522.0,782.19,2570.13,779.99,100.0
p815,n720,n721,48.1923,12,2570.13,779.99,2618.27,777.79,100.0
p816,n721,n722,48.1788,12,2618.27,777.79,2666.4,775.59,100.0
p817,n722,n723,48.1834,12,2666.4,775.59,2714.53,773.4,100.0
p818,n723,n320,48.1788,12,2714.53,773.4,2762.66,771.21,100.0
p819,n287,n724,51.7117,12,2538.56,967.69,2588.98,979.19,100.0
p820,n724,n725,59.5779,12,2588.98,979.19,2646.7,993.94,100.0
p821,n725,n304,60.0602,12,2646.7,993.94,2673.29,940.08,100.0
p822,n289,n726,50.8261,12,2408.92,721.88,2459.66,718.99,100.0
p823,n726,n727,50.8306,12,2459.66,718.99,2510.41,716.11,100.0
p824,n727,n728,50.8261,12,2510.41,716.11,2561.15,713.22,100.0
p825,n728,n729,50.8216,12,2561.15,713.22,2611.89,710.35,100.0
p826,n729,n730,50.8261,12,2611.89,710.35,2662.64,707.46,100.0
p827,n730,n731,50.8306,12,2662.64,707.46,2713.39,704.58,100.0
p828,n731,n322,50.8261,12,2713.39,704.58,2764.13,701.69,100.0
p829,n294,n732,37.5481,6,2412.43,668.54,2449.91,666.37,100.0
p830,n732,n299,37.5347,6,2449.91,666.37,2487.38,664.19,100.0
p831,n294,n733,45.9337,6,2412.43,668.54,2409.48,622.7,100.0
p832,n733,n734,58.5196,6,2409.48,622.7,2405.53,564.31,100.0
p833,n734,n301,42.5654,6,2405.53,564.31,2411.41,522.16,100.0
p834,n295,n735,47.2069,12,2547.28,884.0,2594.19,889.35,100.0
p835,n735,n736,47.2048,12,2594.19,889.35,2641.08,894.72,100.0
p836,n736,n307,47.2069,12,2641.08,894.72,2687.99,900.08,100.0
p837,n296,n737,48.881,12,2576.89,923.8,2625.09,931.94,100.0
p838,n737,n304,48.881,12,2625.09,931.94,2673.29,940.08,100.0
p839,n298,n738,56.3034,12,2682.87,1050.98,2706.11,999.69,100.0
p840,n738,n739,53.1364,12,2706.11,999.69,2727.17,950.91,100.0
p841,n739,n740,48.3641,12,2727.17,950.91,2740.36,904.38,100.0
p842,n740,n314,57.5482,12,2740.36,904.38,2750.64,847.75,100.0
p843,n299,n741,46.8904,6,2487.38,664.19,2534.19,661.42,100.0
p844,n741,n742,46.8904,6,2534.19,661.42,2581.0,658.66,100.0
p845,n742,n743,46.8948,6,2581.0,658.66,2627.82,655.9,100.0
p846,n743,n744,46.8814,6,2627.82,655.9,2674.62,653.14,100.0
p847,n744,n745,46.8904,6,2674.62,653.14,2721.42,650.38,100.0
p848,n745,n323,46.8904,6,2721.42,650.38,2768.23,647.61,100.0
p849,n300,n746,54.1184,12,2719.49,1060.34,2753.41,1018.17,150.0
p850,n746,n747,45.9944,12,2753.41,1018.17,2771.3,975.8,150.0
p851,n747,n748,40.1418,12,2771.3,975.8,2789.58,940.06,150.0
p852,n748,n749,43.4813,12,2789.58,940.06,2802.18,898.45,150.0
p853,n749,n319,42.9632,12,2802.18,898.45,2811.17,856.43,150.0
p854,n302,n750,45.6712,6,2411.1,516.74,2412.37,471.08,100.0
p855,n750,n310,65.9337,6,2412.37,471.08,2476.94,457.71,100.0
p856,n305,n751,48.3722,6,2483.71,601.56,2531.97,598.27,100.0
p857,n751,n752,48.3722,6,2531.97,598.27,2580.23,594.98,100.0
p858,n752,n753,48.3856,6,2580.23,594.98,2628.5,591.7,100.0
p859,n753,n754,48.3722,6,2628.5,591.7,2676.76,588.4,100.0
p860,n754,n755,48.3722,6,2676.76,588.4,2725.02,585.11,100.0
p861,n755,n324,48.3722,6,2725.02,585.11,2773.28,581.82,100.0
p862,n306,n756,45.1285,6,2480.63,546.14,2525.67,543.31,100.0
p863,n756,n757,45.1285,6,2525.67,543.31,2570.71,540.48,100.0
p864,n757,n318,45.1285,6,2570.71,540.48,2615.75,537.65,100.0
p865,n307,n758,38.2356,12,2687.99,900.08,2690.54,861.93,100.0
p866,n758,n311,38.2439,12,2690.54,861.93,2693.1,823.77,100.0
p867,n309,n759,39.8072,6,2478.53,499.12,2518.25,496.5,100.0
p868,n759,n315,39.7938,6,2518.25,496.5,2557.96,493.87,100.0
p869,n312,n760,39.7973,6,2476.35,445.43,2516.01,442.21,100.0
p870,n760,n317,39.7883,6,2516.01,442.21,2555.67,439.01,100.0
p871,n313,n761,38.3261,6,2483.8,395.24,2522.09,396.82,200.0
p872,n761,n321,38.3123,6,2522.09,396.82,2560.37,398.41,200.0
p873,n315,n762,54.8114,6,2557.96,493.87,2612.76,495.03,100.0
p874,n762,n318,42.729,6,2612.76,495.03,2615.75,537.65,100.0
p875,n318,n763,55.4572,6,2615.75,537.65,2670.96,532.39,100.0
p876,n763,n764,39.2767,6,2670.96,532.39,2708.51,543.91,100.0
p877,n764,n325,64.3591,6,2708.51,543.91,2772.13,534.16,100.0
p878,n319,n765,50.9385,12,2811.17,856.43,2814.63,805.61,150.0
p879,n765,n766,50.944,12,2814.63,805.61,2818.1,754.79,150.0
p880,n766,n767,50.9385,12,2818.1,754.79,2821.57,703.97,150.0
p881,n767,n768,50.9523,6,2821.57,703.97,2825.03,653.13,150.0
p882,n768,n769,50.9385,6,2825.03,653.13,2828.5,602.31,150.0
p883,n769,n770,50.944,6,2828.5,602.31,2831.97,551.49,150.0
p884,n770,n329,50.9385,6,2831.97,551.49,2835.43,500.67,150.0
p885,n321,n771,54.9745,6,2560.37,398.41,2614.73,390.2,200.0
p886,n771,n772,54.9838,6,2614.73,390.2,2669.1,381.98,200.0
p887,n772,n773,54.9709,6,2669.1,381.98,2723.45,373.77,200.0
p888,n773,n330,54.9745,6,2723.45,373.77,2777.81,365.56,200.0
p889,n329,n774,45.2004,6,2835.43,500.67,2828.16,456.05,150.0
p890,n774,n331,45.2004,6,2828.16,456.05,2820.89,411.44,150.0
p891,n330,n775,30.9899,6,2777.81,365.56,2808.79,364.69,200.0
p892,n775,n331,48.2921,6,2808.79,364.69,2820.89,411.44,200.0
p893,n335,n776,46.2032,5,1397.95,907.67,1356.19,927.44,200.0
p894,n776,n340,46.2132,7,1356.19,927.44,1314.42,947.21,200.0
p895,n338,n777,52.9065,5,1521.88,776.43,1561.01,740.81,100.0
p896,n777,n339,52.9065,5,1561.01,740.81,1600.13,705.2,100.0
p897,n338,n778,42.8355,5,1521.88,776.43,1487.17,801.53,150.0
p898,n778,n779,42.8345,5,1487.17,801.53,1452.46,826.63,150.0
p899,n779,n342,42.8355,5,1452.46,826.63,1417.76,851.74,150.0
p900,n338,n780,37.3436,5,1521.88,776.43,1487.84,761.07,100.0
p901,n780,n781,46.9972,5,1487.84,761.07,1440.88,763.0,100.0
p902,n781,n341,49.524,5,1440.88,763.0,1391.36,762.78,100.0
p903,n341,n782,46.3969,5,1391.36,762.78,1404.56,807.26,100.0
p904,n782,n342,46.3969,5,1404.56,807.26,1417.76,851.74,100.0
p905,n46,n47,8.9282,9,574.86,1216.08,570.9,1208.08,100.0
